address,price,beds,baths,area,link
"2931 Judge Manly Drive, New Bern, NC 28562",270000,3.0,2.0,1420.0,https://www.zillow.com//homedetails/2931-Judge-Manly-Dr-New-Bern-NC-28562/110510573_zpid/
"211 Trotters Run, Jacksonville, NC 28546",265000,3.0,2.0,1411.0,https://www.zillow.com//homedetails/211-Trotters-Run-Jacksonville-NC-28546/51539344_zpid/
"26 Wildberry Court, Rocky Mount, NC 27804",269900,3.0,2.0,1440.0,https://www.zillow.com//homedetails/26-Wildberry-Ct-Rocky-Mount-NC-27804/216894377_zpid/
"882 Berea Church Rd, Elizabeth City, NC 27909",270000,3.0,2.0,1422.0,https://www.zillow.com//homedetails/882-Berea-Church-Rd-Elizabeth-City-NC-27909/107054162_zpid/
"5413 Nc 42, Elm City, NC 27822",258000,3.0,2.0,1421.0,https://www.zillow.com//homedetails/5413-State-Highway-42-E-Elm-City-NC-27822/218862781_zpid/
"357 Juno Dr, Broadway, NC 27505",270000,3.0,2.0,1443.0,https://www.zillow.com//homedetails/357-Juno-Dr-Broadway-NC-27505/89603580_zpid/
"282 Little River Dr, Zebulon, NC 27597",280000,3.0,2.0,1065.0,https://www.zillow.com//homedetails/282-Little-River-Dr-Zebulon-NC-27597/69089273_zpid/
"379 Morrow Farm Rd, Statesville, NC 28625",485000,3.0,2.0,1858.0,https://www.zillow.com//homedetails/379-Morrow-Farm-Rd-Statesville-NC-28625/442583112_zpid/
"620 Memorial Dr E, Ahoskie, NC 27910",99500,4.0,3.0,2050.0,https://www.zillow.com//homedetails/620-Memorial-Dr-E-Ahoskie-NC-27910/113755144_zpid/
"728 W Davis St, Burlington, NC 27215",525000,4.0,4.0,4129.0,https://www.zillow.com//homedetails/728-W-Davis-St-Burlington-NC-27215/51246442_zpid/
"1814 Berryhill Rd, Charlotte, NC 28208",750000,4.0,3.0,2565.0,https://www.zillow.com//homedetails/1814-Berryhill-Rd-Charlotte-NC-28208/6177876_zpid/
"239 Big Ridge Rd, Burnsville, NC 28714",259000,3.0,3.0,1365.0,https://www.zillow.com//homedetails/239-Big-Ridge-Rd-Burnsville-NC-28714/107096554_zpid/
"1310 Bond Street, Kinston, NC 28501",135000,3.0,2.0,2253.0,https://www.zillow.com//homedetails/1310-Bond-St-Kinston-NC-28501/107032440_zpid/
"112 Marvin Blvd, Winston Salem, NC 27105",257999,3.0,2.0,1563.0,https://www.zillow.com//homedetails/112-Marvin-Blvd-Winston-Salem-NC-27105/5765686_zpid/
"1029 Churchill Rd, Davidson, NC 28036",1599000,5.0,5.0,4337.0,https://www.zillow.com//homedetails/1029-Churchill-Rd-Davidson-NC-28036/6128658_zpid/
"7713 Wakebrook Dr, Raleigh, NC 27616",495000,3.0,2.0,2267.0,https://www.zillow.com//homedetails/7713-Wakebrook-Dr-Raleigh-NC-27616/6441445_zpid/
"4312 Windstorm Way, Raleigh, NC 27616",289500,3.0,3.0,1268.0,https://www.zillow.com//homedetails/4312-Windstorm-Way-Raleigh-NC-27616/53462206_zpid/
"13 Indian Ln, Weaverville, NC 28787",149900,2.0,2.0,1154.0,https://www.zillow.com//homedetails/13-Indian-Ln-Weaverville-NC-28787/96335264_zpid/
"1215 W Gate Dr, Leland, NC",264919,-,-,-,https://www.zillow.com//community/wilmington-nc-build-on-your-lot/30799539_plid/
"8427 Spirea Ct, Charlotte, NC 28215",279900,3.0,2.0,1498.0,https://www.zillow.com//homedetails/8427-Spirea-Ct-Charlotte-NC-28215/65024539_zpid/
"1005 Lightfoot Ct, Wake Forest, NC 27587",289900,3.0,1.0,1044.0,https://www.zillow.com//homedetails/1005-Lightfoot-Ct-Wake-Forest-NC-27587/6473550_zpid/
"215 N King St, Gastonia, NC 28052",240000,3.0,2.0,1791.0,https://www.zillow.com//homedetails/215-N-King-St-Gastonia-NC-28052/5848125_zpid/
"314 Morningside Rd, Charlotte, NC 28214",299000,3.0,3.0,1567.0,https://www.zillow.com//homedetails/314-Morningside-Rd-Charlotte-NC-28214/2055535082_zpid/
"1008 Ribbon Ln, Charlotte, NC 28205",285000,3.0,3.0,1549.0,https://www.zillow.com//homedetails/1008-Ribbon-Ln-Charlotte-NC-28205/418549935_zpid/
"51170 Lassiter Ln LOT 26, Frisco, NC 27936",899000,4.0,4.0,3144.0,https://www.zillow.com//homedetails/51170-Lassiter-Ln-LOT-26-Frisco-NC-27936/443759535_zpid/
"2350 Country Club Road, Jacksonville, NC 28546",429900,4.0,3.0,2715.0,https://www.zillow.com//homedetails/2350-Country-Club-Rd-Jacksonville-NC-28546/79758267_zpid/
"2122 Middle Rd, Eastover, NC 28312",325000,3.0,2.0,2254.0,https://www.zillow.com//homedetails/2122-Middle-Rd-Eastover-NC-28312/53678416_zpid/
"1208 Gum Tree Ln, Charlotte, NC 28214",360000,4.0,3.0,2879.0,https://www.zillow.com//homedetails/1208-Gum-Tree-Ln-Charlotte-NC-28214/6150254_zpid/
"6506 Pargo Rd, Charlotte, NC 28216",280000,4.0,3.0,2161.0,https://www.zillow.com//homedetails/6506-Pargo-Rd-Charlotte-NC-28216/6151586_zpid/
"227 Blount Street, Winterville, NC 28590",249000,4.0,2.0,2892.0,https://www.zillow.com//homedetails/227-Blount-St-Winterville-NC-28590/51421271_zpid/
"2801 E Bessemer Ave, Greensboro, NC 27405",234900,4.0,2.0,1750.0,https://www.zillow.com//homedetails/2801-E-Bessemer-Ave-Greensboro-NC-27405/5920028_zpid/
"11613 Old Surry Ln, Charlotte, NC 28277",750000,5.0,3.0,3148.0,https://www.zillow.com//homedetails/11613-Old-Surry-Ln-Charlotte-NC-28277/6327694_zpid/
"18720 Jane Shaw Road, Wagram, NC 28396",450000,4.0,3.0,2375.0,https://www.zillow.com//homedetails/18720-Jane-Shaw-Rd-Wagram-NC-28396/86683803_zpid/
"449 Saint Peter Church Rd, Randleman, NC 27317",269000,3.0,2.0,1385.0,https://www.zillow.com//homedetails/449-Saint-Peter-Church-Rd-Randleman-NC-27317/443760043_zpid/
"1205 Blackwood Mountain Rd, Chapel Hill, NC 27516",598000,3.0,3.0,2010.0,https://www.zillow.com//homedetails/1205-Blackwood-Mountain-Rd-Chapel-Hill-NC-27516/50047881_zpid/
"110 Browns Trail, Hampstead, NC 28443",265000,3.0,2.0,2031.0,https://www.zillow.com//homedetails/110-Browns-Trl-Hampstead-NC-28443/102107205_zpid/
"20100 Lee Lane, Laurinburg, NC 28352",199900,3.0,2.0,1422.0,https://www.zillow.com//homedetails/20100-Lee-Ln-Laurinburg-NC-28352/93084138_zpid/
"50 Whispering Oak Ln, Murphy, NC 28906",349900,2.0,2.0,-,https://www.zillow.com//homedetails/50-Whispering-Oak-Ln-Murphy-NC-28906/305581879_zpid/
"8611 Frank Grier Rd #1, Charlotte, NC 28215",491500,5.0,3.0,2438.0,https://www.zillow.com//homedetails/8611-Frank-Grier-Rd-1-Charlotte-NC-28215/2052926425_zpid/
"2216 Tate St, Charlotte, NC 28216",294900,3.0,2.0,1450.0,https://www.zillow.com//homedetails/2216-Tate-St-Charlotte-NC-28216/6179405_zpid/
"234 Cresthaven Dr, Sanford, NC 27332",285000,4.0,3.0,2192.0,https://www.zillow.com//homedetails/234-Cresthaven-Dr-Sanford-NC-27332/71857487_zpid/
"3113 S Point Rd, Belmont, NC 28012",248900,3.0,2.0,1182.0,https://www.zillow.com//homedetails/3113-S-Point-Rd-Belmont-NC-28012/70494951_zpid/
"3701 E Jameson Rd, Raleigh, NC 27604",330000,3.0,2.0,1498.0,https://www.zillow.com//homedetails/3701-E-Jameson-Rd-Raleigh-NC-27604/6483519_zpid/
"6206 Huntsboro Rd, Oxford, NC 27565",250000,3.0,2.0,1624.0,https://www.zillow.com//homedetails/6206-Huntsboro-Rd-Oxford-NC-27565/93027619_zpid/
"118 Sleepy Ln, Shelby, NC 28152",250000,3.0,2.0,1092.0,https://www.zillow.com//homedetails/118-Sleepy-Ln-Shelby-NC-28152/78285304_zpid/
"1117 Clifton Road, Jacksonville, NC 28540",269900,5.0,3.0,2855.0,https://www.zillow.com//homedetails/1117-Clifton-Rd-Jacksonville-NC-28540/199873111_zpid/
"846 Mill River Road, Jacksonville, NC 28540",190000,3.0,2.0,1470.0,https://www.zillow.com//homedetails/846-Mill-River-Rd-Jacksonville-NC-28540/51551086_zpid/
"4290 W Church Street, Farmville, NC 27828",239000,5.0,2.0,4018.0,https://www.zillow.com//homedetails/4290-W-Church-St-Farmville-NC-27828/51416154_zpid/
"8031 Nathanael Greene Ln, Charlotte, NC 28227",350000,5.0,4.0,2624.0,https://www.zillow.com//homedetails/8031-Nathanael-Greene-Ln-Charlotte-NC-28227/6212279_zpid/
"1845 Hose, Moravian Falls, NC 28654",145000,1.0,1.0,480.0,https://www.zillow.com//homedetails/1845-Hose-Rd-Moravian-Falls-NC-28654/248813156_zpid/
"472 Apple Way Road, Blowing Rock, NC 28605",525000,2.0,3.0,1217.0,https://www.zillow.com//homedetails/472-Apple-Way-Blowing-Rock-NC-28605/102310203_zpid/
"906 Roanoke St, Scotland Neck, NC 27874",85000,5.0,2.0,3366.0,https://www.zillow.com//homedetails/906-Roanoke-St-Scotland-Neck-NC-27874/84185802_zpid/
"11319 Savannah Creek Dr, Charlotte, NC 28273",359000,3.0,3.0,2060.0,https://www.zillow.com//homedetails/11319-Savannah-Creek-Dr-Charlotte-NC-28273/239886969_zpid/
"400 N Ashe Ave, Newton, NC 28658",186900,3.0,1.0,1796.0,https://www.zillow.com//homedetails/400-N-Ashe-Ave-Newton-NC-28658/71939844_zpid/
"150 Stewart St, Asheville, NC 28806",285000,2.0,2.0,876.0,https://www.zillow.com//homedetails/150-Stewart-St-Asheville-NC-28806/61656645_zpid/
"10 Aurora Drive, Whispering Pines, NC 28327",795000,4.0,4.0,3704.0,https://www.zillow.com//homedetails/10-Aurora-Dr-Whispering-Pines-NC-28327/112948717_zpid/
"801 Ruth Ave, Kannapolis, NC 28083",235000,3.0,2.0,1348.0,https://www.zillow.com//homedetails/801-Ruth-Ave-Kannapolis-NC-28083/75008051_zpid/
"207 N 13th Street, Wilmington, NC 28401",360000,3.0,2.0,1729.0,https://www.zillow.com//homedetails/207-N-13th-St-Wilmington-NC-28401/54301884_zpid/
"205 Windfield Ct, Raleigh, NC 27615",625000,4.0,3.0,2030.0,https://www.zillow.com//homedetails/205-Windfield-Ct-Raleigh-NC-27615/6411446_zpid/
"6521 Heatherbrook Ave, Charlotte, NC 28213",390000,5.0,3.0,1940.0,https://www.zillow.com//homedetails/6521-Heatherbrook-Ave-Charlotte-NC-28213/2060314394_zpid/
"305 W Greene Street, Snow Hill, NC 28580",200000,3.0,2.0,2408.0,https://www.zillow.com//homedetails/305-W-Greene-St-Snow-Hill-NC-28580/114809007_zpid/
"104 Crepe Myrtle Ln, Dunn, NC 28334",299900,4.0,2.0,2220.0,https://www.zillow.com//homedetails/104-Crepe-Myrtle-Ln-Dunn-NC-28334/71893617_zpid/
"1388 Sandiwood Ct, Claremont, NC 28610",259999,4.0,2.0,2039.0,https://www.zillow.com//homedetails/1388-Sandiwood-Ct-Claremont-NC-28610/71555893_zpid/
"407 King St, Monroe, NC 28110",250000,3.0,2.0,1941.0,https://www.zillow.com//homedetails/407-King-St-Monroe-NC-28110/6367327_zpid/
"5621 Raddington St, Raleigh, NC 27613",525000,3.0,3.0,2315.0,https://www.zillow.com//homedetails/5621-Raddington-St-Raleigh-NC-27613/6521285_zpid/
"623 Redbird Ln, Gastonia, NC 28056",283000,3.0,3.0,1536.0,https://www.zillow.com//homedetails/623-Redbird-Ln-Gastonia-NC-28056/5901790_zpid/
"1450 London Dr, High Point, NC 27260",250000,4.0,3.0,1634.0,https://www.zillow.com//homedetails/1450-London-Dr-High-Point-NC-27260/6036833_zpid/
"5445 W View St SW, Lenoir, NC 28645",299900,4.0,3.0,1950.0,https://www.zillow.com//homedetails/5445-W-View-St-SW-Lenoir-NC-28645/440703191_zpid/
"1155 Surles Rd, Benson, NC 27504",615000,3.0,3.0,3608.0,https://www.zillow.com//homedetails/1155-Surles-Rd-Benson-NC-27504/69094748_zpid/
"271 Parker Rd, Four Oaks, NC 27524",330000,3.0,3.0,1780.0,https://www.zillow.com//homedetails/271-Parker-Rd-Four-Oaks-NC-27524/69122511_zpid/
"1004 Desoto Ave, Kannapolis, NC 28083",320000,5.0,3.0,2144.0,https://www.zillow.com//homedetails/1004-Desoto-Ave-Kannapolis-NC-28083/5681381_zpid/
"1007 Drew St, Durham, NC 27701",290000,3.0,2.0,1152.0,https://www.zillow.com//homedetails/1007-Drew-St-Durham-NC-27701/98221993_zpid/
"2033 Twilight Ln, Monroe, NC 28110",320000,4.0,3.0,1792.0,https://www.zillow.com//homedetails/2033-Twilight-Ln-Monroe-NC-28110/61793583_zpid/
"537 & 1 Belwood Lawndale Road, Lawndale, NC 28090",650000,4.0,2.0,2473.0,https://www.zillow.com//homedetails/537-1-Belwood-Lawndale-Road-Lawndale-NC-28090/443212217_zpid/
"1183 Sandy Plains Rd, Tryon, NC 28782",259900,3.0,2.0,1653.0,https://www.zillow.com//homedetails/1183-Sandy-Plains-Rd-Tryon-NC-28782/107057030_zpid/
"4413 Jay Bird Circle UNIT 207, Wilmington, NC 28412",244000,2.0,2.0,1080.0,https://www.zillow.com//homedetails/4413-Jay-Bird-Cir-UNIT-207-Wilmington-NC-28412/84694717_zpid/
"6217 Barcelona Way, Charlotte, NC 28214",450000,3.0,2.0,1648.0,https://www.zillow.com//homedetails/6217-Barcelona-Way-Charlotte-NC-28214/441143125_zpid/
"4320 Main Street, Gibson, NC 28343",329500,5.0,2.0,3391.0,https://www.zillow.com//homedetails/4320-Main-St-Gibson-NC-28343/86684207_zpid/
"6 Memory Lane, Cullowhee, NC 28723",239000,2.0,2.0,-,https://www.zillow.com//homedetails/6-Memory-Ln-Cullowhee-NC-28723/84711086_zpid/
"2545 Buchanan St, Winston Salem, NC 27127",215000,4.0,2.0,1529.0,https://www.zillow.com//homedetails/2545-Buchanan-St-Winston-Salem-NC-27127/5844902_zpid/
"2804 Fordham Ln, Raleigh, NC 27604",375000,3.0,2.0,1799.0,https://www.zillow.com//homedetails/2804-Fordham-Ln-Raleigh-NC-27604/6392501_zpid/
"229 Shakerstone Dr, Fayetteville, NC 28311",267800,3.0,2.0,1692.0,https://www.zillow.com//homedetails/229-Shakerstone-Dr-Fayetteville-NC-28311/70594453_zpid/
"504 E Edinborough Ave, Raeford, NC 28376",525000,5.0,4.0,4337.0,https://www.zillow.com//homedetails/504-E-Edinborough-Ave-Raeford-NC-28376/226155793_zpid/
"884 No Bottom Rd, Warrenton, NC 27589",180000,3.0,2.0,1432.0,https://www.zillow.com//homedetails/884-No-Bottom-Rd-Warrenton-NC-27589/114874802_zpid/
"748 Celtic Crossing Dr, High Point, NC 27265",260000,3.0,3.0,1782.0,https://www.zillow.com//homedetails/748-Celtic-Crossing-Dr-High-Point-NC-27265/71218453_zpid/
"528 Jennings Farm Rd, Fayetteville, NC 28314",180000,3.0,2.0,1083.0,https://www.zillow.com//homedetails/528-Jennings-Farm-Rd-Fayetteville-NC-28314/53626729_zpid/
"4912 Comelia Dr, Raleigh, NC 27603",580000,4.0,3.0,2461.0,https://www.zillow.com//homedetails/4912-Comelia-Dr-Raleigh-NC-27603/6399108_zpid/
"746 Hawk Ridge Road, Deep Gap, NC 28618",748000,3.0,3.0,3397.0,https://www.zillow.com//homedetails/746-Hawk-Ridge-Rd-Deep-Gap-NC-28618/102269949_zpid/
"610 Denny Rd, Greensboro, NC 27405",290000,3.0,3.0,1676.0,https://www.zillow.com//homedetails/610-Denny-Rd-Greensboro-NC-27405/5949073_zpid/
"10112 Santa Fe Ln, Mint Hill, NC 28227",394000,3.0,2.0,1421.0,https://www.zillow.com//homedetails/10112-Santa-Fe-Ln-Mint-Hill-NC-28227/6235057_zpid/
"568 Mahaffey Dr, Salisbury, NC 28146",229000,4.0,2.0,2052.0,https://www.zillow.com//homedetails/568-Mahaffey-Dr-Salisbury-NC-28146/93077689_zpid/
"409 S Bluff Circle, Jacksonville, NC 28540",310000,4.0,3.0,2460.0,https://www.zillow.com//homedetails/409-S-Bluff-Cir-Jacksonville-NC-28540/117702930_zpid/
"2608 Executive Point Dr, Monroe, NC",279313,-,-,-,https://www.zillow.com//community/monroe-nc-build-on-your-lot/30799540_plid/
"66 N Deerhaven Ln, Asheville, NC 28803",17000000,6.0,12.0,13294.0,https://www.zillow.com//homedetails/66-N-Deerhaven-Ln-Asheville-NC-28803/295554633_zpid/
"581 Sagee Woods Dr, Highlands, NC 28741",49999999,7.0,10.0,14540.0,https://www.zillow.com//homedetails/581-Sagee-Woods-Dr-Highlands-NC-28741/250881753_zpid/
"6018 Viking Dr, Raleigh, NC 27612",330000,2.0,3.0,1281.0,https://www.zillow.com//homedetails/6018-Viking-Dr-Raleigh-NC-27612/71207727_zpid/
"1320 Park Glen Dr APT 103, Raleigh, NC 27610",109900,2.0,2.0,900.0,https://www.zillow.com//homedetails/1320-Park-Glen-Dr-APT-103-Raleigh-NC-27610/132245864_zpid/
"2533 Remington Rd, Raleigh, NC 27610",350000,3.0,2.0,1510.0,https://www.zillow.com//homedetails/2533-Remington-Rd-Raleigh-NC-27610/6406775_zpid/
"1602 Dolphin St, Spring Lake, NC 28390",185000,4.0,3.0,1989.0,https://www.zillow.com//homedetails/1602-Dolphin-St-Spring-Lake-NC-28390/53710011_zpid/
"9 Dewitt Street, Jacksonville, NC 28540",220000,3.0,2.0,1912.0,https://www.zillow.com//homedetails/9-Dewitt-St-Jacksonville-NC-28540/51562882_zpid/
"250 Lake Eva Marie Dr, Raleigh, NC 27603",349900,3.0,3.0,1957.0,https://www.zillow.com//homedetails/250-Lake-Eva-Marie-Dr-Raleigh-NC-27603/69105403_zpid/
"5139 Springview Rd, Charlotte, NC 28213",215000,3.0,2.0,1520.0,https://www.zillow.com//homedetails/5139-Springview-Rd-Charlotte-NC-28213/6190699_zpid/
"214 Champion Drive, Hampstead, NC 28443",229950,3.0,2.0,1378.0,https://www.zillow.com//homedetails/214-Champion-Dr-Hampstead-NC-28443/102172620_zpid/
"3004 Derby Run Road, Jacksonville, NC 28546",264900,4.0,2.0,1398.0,https://www.zillow.com//homedetails/3004-Derby-Run-Rd-Jacksonville-NC-28546/199866693_zpid/
"99 May St, Gastonia, NC 28052",249000,3.0,2.0,1100.0,https://www.zillow.com//homedetails/99-May-St-Gastonia-NC-28052/5849499_zpid/
"5009 Ilex Drive, Wilmington, NC 28412",347700,4.0,2.0,1300.0,https://www.zillow.com//homedetails/5009-Ilex-Dr-Wilmington-NC-28412/54341048_zpid/
"217 Robinson Street, Rockingham, NC 28379",69900,5.0,3.0,0.0,https://www.zillow.com//homedetails/217-Robinson-St-Rockingham-NC-28379/333557360_zpid/
"1781 33rd Street Dr SW, Hickory, NC 28602",124900,3.0,1.0,1227.0,https://www.zillow.com//homedetails/1781-33rd-Street-Dr-SW-Hickory-NC-28602/71552712_zpid/
"719 Bear Paw Rdg, Franklin, NC 28734",819000,3.0,4.0,-,https://www.zillow.com//homedetails/719-Bear-Paw-Rdg-Franklin-NC-28734/70171608_zpid/
"4812 Gibbons Link Rd, Charlotte, NC 28269",345000,5.0,4.0,2000.0,https://www.zillow.com//homedetails/4812-Gibbons-Link-Rd-Charlotte-NC-28269/244117457_zpid/
"1104 E Main Street, Plymouth, NC 27962",137500,2.0,1.0,1224.0,https://www.zillow.com//homedetails/1104-E-Main-St-Plymouth-NC-27962/235579680_zpid/
"1208 S Point Rd, Belmont, NC 28012",415000,2.0,3.0,1601.0,https://www.zillow.com//homedetails/1208-S-Point-Rd-Belmont-NC-28012/70495096_zpid/
"1133 Stonewater Dr, Raleigh, NC 27603",369900,3.0,3.0,1968.0,https://www.zillow.com//homedetails/1133-Stonewater-Dr-Raleigh-NC-27603/50118061_zpid/
"8125 Park Side Dr, Raleigh, NC 27612",700000,4.0,5.0,3506.0,https://www.zillow.com//homedetails/8125-Park-Side-Dr-Raleigh-NC-27612/6438720_zpid/
"1908 Joyce St, Greensboro, NC 27405",185000,2.0,2.0,1352.0,https://www.zillow.com//homedetails/1908-Joyce-St-Greensboro-NC-27405/5929641_zpid/
"125 Basin Ave, Kannapolis, NC 28083",269000,3.0,2.0,1200.0,https://www.zillow.com//homedetails/125-Basin-Ave-Kannapolis-NC-28083/5682553_zpid/
"11612 Kingsley View Dr, Charlotte, NC 28277",590000,4.0,4.0,2539.0,https://www.zillow.com//homedetails/11612-Kingsley-View-Dr-Charlotte-NC-28277/65029157_zpid/
"911 Wildwood Dr, Kings Mountain, NC 28086",415000,3.0,2.0,2315.0,https://www.zillow.com//homedetails/911-Wildwood-Dr-Kings-Mountain-NC-28086/5881214_zpid/
"1006 Stoddard Drive S, Wilson, NC 27893",299900,3.0,2.0,2194.0,https://www.zillow.com//homedetails/1006-Stoddard-Rd-S-Wilson-NC-27893/107084958_zpid/
"302 Zachary Way, Garner, NC 27529",450000,3.0,3.0,2309.0,https://www.zillow.com//homedetails/302-Zachary-Way-Garner-NC-27529/69102251_zpid/
"6692 State Highway 401 S, Bunnlevel, NC 28323",249900,3.0,2.0,1387.0,https://www.zillow.com//homedetails/6692-State-Highway-401-S-Bunnlevel-NC-28323/443328191_zpid/
"45 Bent Grass Cir, Hayesville, NC 28904",484900,2.0,3.0,2174.0,https://www.zillow.com//homedetails/45-Bent-Grass-Cir-Hayesville-NC-28904/249939711_zpid/
"274 Hemlock Road, Banner Elk, NC 28604",495000,2.0,2.0,1394.0,https://www.zillow.com//homedetails/274-Hemlock-Rd-Banner-Elk-NC-28604/102338020_zpid/
"100 Edgewater Lane, Richlands, NC 28574",210000,3.0,2.0,1551.0,https://www.zillow.com//homedetails/100-Edgewater-Ln-Richlands-NC-28574/51557416_zpid/
"114 Spring Creek Lane, Wilmington, NC 28411",559000,3.0,2.0,2462.0,https://www.zillow.com//homedetails/114-Spring-Creek-Ln-Wilmington-NC-28411/54291194_zpid/
"349 Gorman Bridge Rd, Asheville, NC 28806",180000,2.0,1.0,527.0,https://www.zillow.com//homedetails/349-Gorman-Bridge-Rd-Asheville-NC-28806/5604450_zpid/
"345 Seneca Reef Drive, Hampstead, NC 28443",560000,4.0,3.0,3129.0,https://www.zillow.com//homedetails/345-Seneca-Reef-Dr-Hampstead-NC-28443/336859372_zpid/
"226 Central Boulevard, Wilmington, NC 28401",559900,3.0,4.0,2000.0,https://www.zillow.com//homedetails/226-Central-Blvd-Wilmington-NC-28401/439194530_zpid/
"105 Volusia Drive, North Topsail Beach, NC 28460",630000,4.0,3.0,1710.0,https://www.zillow.com//homedetails/105-Volusia-Dr-North-Topsail-Beach-NC-28460/79752256_zpid/
"10000 Goodview Ct, Raleigh, NC 27613",650000,4.0,3.0,2390.0,https://www.zillow.com//homedetails/10000-Goodview-Ct-Raleigh-NC-27613/6514234_zpid/
"7021 Red Bank Rd, Germanton, NC 27019",358000,3.0,2.0,1728.0,https://www.zillow.com//homedetails/7021-Red-Bank-Rd-Germanton-NC-27019/5822351_zpid/
"7037 Hyde Park Dr, Indian Trail, NC 28079",695000,5.0,3.0,3568.0,https://www.zillow.com//homedetails/7037-Hyde-Park-Dr-Indian-Trail-NC-28079/113222401_zpid/
"7513 Lost Tree Road, Wilmington, NC 28411",649900,5.0,3.0,2845.0,https://www.zillow.com//homedetails/7513-Lost-Tree-Rd-Wilmington-NC-28411/54289720_zpid/
"121 North St, Creedmoor, NC 27522",309000,4.0,2.0,1654.0,https://www.zillow.com//homedetails/121-North-St-Creedmoor-NC-27522/103940358_zpid/
"3050 Pleasant Ridge Rd, Summerfield, NC 27358",339900,5.0,3.0,2713.0,https://www.zillow.com//homedetails/3050-Pleasant-Ridge-Rd-Summerfield-NC-27358/6001315_zpid/
"1585 Eagles Nest Rd, Waynesville, NC 28786",849000,3.0,3.0,2054.0,https://www.zillow.com//homedetails/1585-Eagles-Nest-Rd-Waynesville-NC-28786/65607275_zpid/
"1878 Bards Drive SE, Bolivia, NC 28422",349875,3.0,2.0,1891.0,https://www.zillow.com//homedetails/1878-Bards-Dr-SE-Bolivia-NC-28422/92997908_zpid/
"5706 Wadebridge Cv, Charlotte, NC 28210",600000,3.0,2.0,2046.0,https://www.zillow.com//homedetails/5706-Wadebridge-Cv-Charlotte-NC-28210/6259902_zpid/
"3624 Sawyers Mill Dr, Apex, NC 27539",600000,4.0,3.0,3151.0,https://www.zillow.com//homedetails/3624-Sawyers-Mill-Dr-Apex-NC-27539/67553144_zpid/
"13832 Cypress Woods Dr, Huntersville, NC 28078",389300,3.0,3.0,1897.0,https://www.zillow.com//homedetails/13832-Cypress-Woods-Dr-Huntersville-NC-28078/80447632_zpid/
"613 S Fuquay Ave, Fuquay Varina, NC 27526",500000,4.0,2.0,2217.0,https://www.zillow.com//homedetails/613-S-Fuquay-Ave-Fuquay-Varina-NC-27526/50097406_zpid/
"1222 Saint Johns Church Road, Hampstead, NC 28443",239999,3.0,2.0,1456.0,https://www.zillow.com//homedetails/1222-Saint-Johns-Church-Rd-Hampstead-NC-28443/102135900_zpid/
"1099 Seminole Trail, Elk Park, NC 28622",950000,2.0,3.0,1804.0,https://www.zillow.com//homedetails/1099-Seminole-Trl-Elk-Park-NC-28622/102347153_zpid/
"104 Annotto Bay Ln, Garner, NC 27529",369900,3.0,3.0,1893.0,https://www.zillow.com//homedetails/104-Annotto-Bay-Ln-Garner-NC-27529/65344744_zpid/
"1705 Old State Highway 10, Hillsborough, NC 27278",285000,3.0,2.0,1682.0,https://www.zillow.com//homedetails/1705-Old-State-Highway-10-Hillsborough-NC-27278/50048319_zpid/
"7670 Hickory Creek Dr #20, Denver, NC 28037",210000,4.0,2.0,1998.0,https://www.zillow.com//homedetails/7670-Hickory-Creek-Dr-20-Denver-NC-28037/442135241_zpid/
"1101 Running Brook Rd, Midland, NC 28107",744500,3.0,3.0,3132.0,https://www.zillow.com//homedetails/1101-Running-Brook-Rd-Midland-NC-28107/5663870_zpid/
"1009 Berry Street, Goldsboro, NC 27530",129900,3.0,2.0,1196.0,https://www.zillow.com//homedetails/1009-Berry-St-Goldsboro-NC-27530/78367523_zpid/
"400 N Church St, Charlotte, NC",575000,-,-,-,https://www.zillow.com//b/400-north-church-charlotte-nc-5XpJtH/
"380 Speedway Pl NW, Concord, NC 28027",425000,3.0,3.0,2052.0,https://www.zillow.com//homedetails/380-Speedway-Pl-NW-Concord-NC-28027/5675579_zpid/
"108 Horseman Dr, Louisburg, NC 27549",95000,3.0,2.0,1450.0,https://www.zillow.com//homedetails/108-Horseman-Dr-Louisburg-NC-27549/66564571_zpid/
"3413 Horton St, Raleigh, NC 27607",1150000,4.0,3.0,2459.0,https://www.zillow.com//homedetails/3413-Horton-St-Raleigh-NC-27607/6376101_zpid/
"24 E Willow Trace Way, Clayton, NC 27527",295000,3.0,3.0,1616.0,https://www.zillow.com//homedetails/24-E-Willow-Trace-Way-Clayton-NC-27527/304712322_zpid/
"2138 Revolution Park Dr, Charlotte, NC 28208",450000,4.0,2.0,1561.0,https://www.zillow.com//homedetails/2138-Revolution-Park-Dr-Charlotte-NC-28208/439579704_zpid/
"6639 Ramsey Street, Fayetteville, NC 28311",415000,5.0,4.0,2890.0,https://www.zillow.com//homedetails/6639-Ramsey-St-Fayetteville-NC-28311/53689293_zpid/
"223 Early St, Fayetteville, NC 28311",205000,4.0,2.0,2166.0,https://www.zillow.com//homedetails/223-Early-St-Fayetteville-NC-28311/53671623_zpid/
"202 Wilshire Ln, Raeford, NC 28376",249899,4.0,2.0,1451.0,https://www.zillow.com//homedetails/202-Wilshire-Ln-Raeford-NC-28376/106992926_zpid/
"340 Trout Pond Cir, Murphy, NC 28906",139000,2.0,2.0,1017.0,https://www.zillow.com//homedetails/340-Trout-Pond-Cir-Murphy-NC-28906/230502190_zpid/
"18330 Great Smoky Mountain Expy, Waynesville, NC 28786",350000,2.0,2.0,2487.0,https://www.zillow.com//homedetails/18330-Great-Smoky-Mountain-Expy-Waynesville-NC-28786/65602684_zpid/
"235 8th Avenue Dr SW, Hickory, NC 28602",189000,3.0,1.0,1153.0,https://www.zillow.com//homedetails/235-8th-Avenue-Dr-SW-Hickory-NC-28602/71941932_zpid/
"3564 Hollywood Ridge Rd, Lenoir, NC 28645",165000,2.0,1.0,982.0,https://www.zillow.com//homedetails/3564-Hollywood-Ridge-Rd-Lenoir-NC-28645/69813855_zpid/
"2305 Springhill Road, Greenville, NC 27858",139000,3.0,2.0,1550.0,https://www.zillow.com//homedetails/2305-Springhill-Rd-Greenville-NC-27858/51438724_zpid/
"2104 Feathercombe Ct, Fayetteville, NC 28306",264900,3.0,3.0,1604.0,https://www.zillow.com//homedetails/2104-Feathercombe-Ct-Fayetteville-NC-28306/97591806_zpid/
"82 Allen Pond Rd, Wadesboro, NC 28170",115000,3.0,3.0,1113.0,https://www.zillow.com//homedetails/82-Allen-Pond-Rd-Wadesboro-NC-28170/68705104_zpid/
"8003 Belmont Stables Dr, Charlotte, NC 28216",385000,4.0,4.0,2015.0,https://www.zillow.com//homedetails/8003-Belmont-Stables-Dr-Charlotte-NC-28216/125831945_zpid/
"256 Pine Ridge Rd, Mocksville, NC 27028",389000,3.0,1.0,1613.0,https://www.zillow.com//homedetails/256-Pine-Ridge-Rd-Mocksville-NC-27028/68720993_zpid/
"3004 Redan Ct, Matthews, NC 28105",370000,3.0,2.0,1443.0,https://www.zillow.com//homedetails/3004-Redan-Ct-Matthews-NC-28105/6279418_zpid/
"6270 Rosecroft Dr, Charlotte, NC",135000,-,-,-,"https://www.zillow.com//b/building/35.236305,-80.73338_ll/"
"6915 Bushy Lake, Fayetteville, NC 28312",460000,5.0,4.0,2705.0,https://www.zillow.com//homedetails/6915-Bushy-Lake-Fayetteville-NC-28312/351713328_zpid/
"816 Perry Rd, Troutman, NC 28166",325000,4.0,3.0,1728.0,https://www.zillow.com//homedetails/816-Perry-Rd-Troutman-NC-28166/443732527_zpid/
"100 Brevard Rd, Asheville, NC 28806",499000,3.0,2.0,1302.0,https://www.zillow.com//homedetails/100-Brevard-Rd-Asheville-NC-28806/5607570_zpid/
"724 E Nelson Ave, Wake Forest, NC 27587",380000,4.0,2.0,2191.0,https://www.zillow.com//homedetails/724-E-Nelson-Ave-Wake-Forest-NC-27587/6402324_zpid/
"582 Durwood Evans Road, Beulaville, NC 28518",80000,3.0,2.0,1341.0,https://www.zillow.com//homedetails/582-Durwood-Evans-Rd-Beulaville-NC-28518/102103452_zpid/
"2594 Cedar Valley Dr, Conover, NC 28613",299900,3.0,3.0,1976.0,https://www.zillow.com//homedetails/2594-Cedar-Valley-Dr-Conover-NC-28613/71594396_zpid/
"117 Shavender Dr, Mooresville, NC 28117",869000,5.0,4.0,4203.0,https://www.zillow.com//homedetails/117-Shavender-Dr-Mooresville-NC-28117/60302230_zpid/
"88 Pine Needles Dr, Lillington, NC 27546",250000,3.0,2.0,2103.0,https://www.zillow.com//homedetails/88-Pine-Needles-Dr-Lillington-NC-27546/71883182_zpid/
"2191 Die Bend Rd, Murphy, NC 28906",498500,2.0,2.0,-,https://www.zillow.com//homedetails/2191-Die-Bend-Rd-Murphy-NC-28906/106956174_zpid/
"606 Jerome Rd, Durham, NC 27713",595000,3.0,3.0,1986.0,https://www.zillow.com//homedetails/606-Jerome-Rd-Durham-NC-27713/242011681_zpid/
"7422 Henderson Park Rd, Huntersville, NC 28078",400000,3.0,3.0,1918.0,https://www.zillow.com//homedetails/7422-Henderson-Park-Rd-Huntersville-NC-28078/6134698_zpid/
"13931 Pine Harbor Rd, Charlotte, NC 28278",420000,3.0,3.0,2219.0,https://www.zillow.com//homedetails/13931-Pine-Harbor-Rd-Charlotte-NC-28278/6283314_zpid/
"3216 High Ridge Rd, Charlotte, NC 28270",1075000,4.0,4.0,3001.0,https://www.zillow.com//homedetails/3216-High-Ridge-Rd-Charlotte-NC-28270/6321534_zpid/
"293 Havenwood Ln, Murphy, NC 28906",339800,2.0,3.0,2016.0,https://www.zillow.com//homedetails/293-Havenwood-Ln-Murphy-NC-28906/230498784_zpid/
"1112 Kitt Pl, Raleigh, NC 27610",270000,3.0,1.0,1420.0,https://www.zillow.com//homedetails/1112-Kitt-Pl-Raleigh-NC-27610/6409057_zpid/
"214 Heather Glen Ln, Belmont, NC 28012",415000,3.0,2.0,1798.0,https://www.zillow.com//homedetails/214-Heather-Glen-Ln-Belmont-NC-28012/5901422_zpid/
"3743 Crosland Rd, Winston Salem, NC 27106",314500,4.0,2.0,2044.0,https://www.zillow.com//homedetails/3743-Crosland-Rd-Winston-Salem-NC-27106/5789632_zpid/
"2707 N Roxboro St, Durham, NC 27704",399400,4.0,2.0,1638.0,https://www.zillow.com//homedetails/2707-N-Roxboro-St-Durham-NC-27704/49980694_zpid/
"705 Cedar Street, Elizabeth City, NC 27909",270000,4.0,3.0,2353.0,https://www.zillow.com//homedetails/705-Cedar-St-Elizabeth-City-NC-27909/107049252_zpid/
"83 Oleander Ln, Sanford, NC 27332",392900,4.0,4.0,2054.0,https://www.zillow.com//homedetails/83-Oleander-Ln-Sanford-NC-27332/339886427_zpid/
"2116 Woodhaven Rd, Charlotte, NC 28211",13950000,6.0,8.0,13919.0,https://www.zillow.com//homedetails/2116-Woodhaven-Rd-Charlotte-NC-28211/6263349_zpid/
"138 Silver Tree Ln, Lake Lure, NC 28746",1600000,6.0,6.0,5099.0,https://www.zillow.com//homedetails/138-Silver-Tree-Ln-Lake-Lure-NC-28746/102144741_zpid/
"1516 Pearces Rd, Zebulon, NC 27597",395000,4.0,4.0,4569.0,https://www.zillow.com//homedetails/1516-Pearces-Rd-Zebulon-NC-27597/6512359_zpid/
"13917 Sugar Oats Ln, Charlotte, NC 28213",440000,4.0,3.0,2253.0,https://www.zillow.com//homedetails/13917-Sugar-Oats-Ln-Charlotte-NC-28213/166863732_zpid/
"103 Section House Rd, Hickory, NC 28601",129900,2.0,1.0,1064.0,https://www.zillow.com//homedetails/103-Section-House-Rd-Hickory-NC-28601/71964669_zpid/
"608 Hunter Street, Elizabeth City, NC 27909",225000,3.0,2.0,1431.0,https://www.zillow.com//homedetails/608-Hunter-St-Elizabeth-City-NC-27909/107051699_zpid/
"297 Chartres St, Fuquay Varina, NC 27526",219900,2.0,2.0,888.0,https://www.zillow.com//homedetails/297-Chartres-St-Fuquay-Varina-NC-27526/443761236_zpid/
"9523 Night Harbor Drive, Leland, NC 28451",269900,2.0,2.0,1020.0,https://www.zillow.com//homedetails/9523-Night-Harbor-Dr-Leland-NC-28451/81592498_zpid/
"1642 Morningside Dr, Newton, NC 28658",170000,2.0,1.0,0.0,https://www.zillow.com//homedetails/1642-Morningside-Dr-Newton-NC-28658/71557319_zpid/
"2508 Rambling Creek Rd, Apex, NC 27523",650000,4.0,4.0,3197.0,https://www.zillow.com//homedetails/2508-Rambling-Creek-Rd-Apex-NC-27523/248750298_zpid/
"5745 Spence Farm Rd, Holly Springs, NC 27540",400000,3.0,3.0,2126.0,https://www.zillow.com//homedetails/5745-Spence-Farm-Rd-Holly-Springs-NC-27540/50106566_zpid/
"203 Parkcanyon Ln, Cary, NC 27519",624000,4.0,3.0,2281.0,https://www.zillow.com//homedetails/203-Parkcanyon-Ln-Cary-NC-27519/6520003_zpid/
"283 Old Christian Chapel Rd, New Hill, NC 27562",450000,7.0,1.0,3102.0,https://www.zillow.com//homedetails/283-Old-Christian-Chapel-Rd-New-Hill-NC-27562/217782875_zpid/
"3703 Silver Ore Ln, Charlotte, NC 28216",264900,3.0,2.0,1092.0,https://www.zillow.com//homedetails/3703-Silver-Ore-Ln-Charlotte-NC-28216/64999923_zpid/
"5300 Suntan Lake Dr, Raleigh, NC 27610",350000,3.0,3.0,1677.0,https://www.zillow.com//homedetails/5300-Suntan-Lake-Dr-Raleigh-NC-27610/60537888_zpid/
"2980 Tram Rd, Fuquay Varina, NC 27526",285000,3.0,2.0,1675.0,https://www.zillow.com//homedetails/2980-Tram-Rd-Fuquay-Varina-NC-27526/6467891_zpid/
"2122 Abelwood Rd, Charlotte, NC 28216",318999,3.0,2.0,1224.0,https://www.zillow.com//homedetails/2122-Abelwood-Rd-Charlotte-NC-28216/6180545_zpid/
"1750 Kerner Rd, Kernersville, NC 27284",459900,3.0,3.0,2625.0,https://www.zillow.com//homedetails/1750-Kerner-Rd-Kernersville-NC-27284/65031749_zpid/
"8537 Woodford Bridge Dr, Charlotte, NC 28216",324900,3.0,2.0,1540.0,https://www.zillow.com//homedetails/8537-Woodford-Bridge-Dr-Charlotte-NC-28216/6138820_zpid/
"2124 N Hills Dr, Raleigh, NC 27612",575000,4.0,2.0,2047.0,https://www.zillow.com//homedetails/2124-N-Hills-Dr-Raleigh-NC-27612/6397889_zpid/
"73 Petticoat Jct, Hayesville, NC 28904",210000,3.0,2.0,960.0,https://www.zillow.com//homedetails/73-Petticoat-Jct-Hayesville-NC-28904/236179754_zpid/
"190 Heathergate Ln, Stanley, NC 28164",475000,3.0,3.0,2151.0,https://www.zillow.com//homedetails/190-Heathergate-Ln-Stanley-NC-28164/5891169_zpid/
"92 Bailey Rd, Candler, NC 28715",205000,2.0,1.0,864.0,https://www.zillow.com//homedetails/92-Bailey-Rd-Candler-NC-28715/53165591_zpid/
"1608 Dartmoor Ave NW, Concord, NC 28027",499000,4.0,3.0,2770.0,https://www.zillow.com//homedetails/1608-Dartmoor-Ave-NW-Concord-NC-28027/80204613_zpid/
"100 Foch St, Fayetteville, NC 28306",155000,3.0,1.0,1685.0,https://www.zillow.com//homedetails/100-Foch-St-Fayetteville-NC-28306/53664649_zpid/
"1310 Lamms Grove Road, Carthage, NC 28327",435900,4.0,3.0,2070.0,https://www.zillow.com//homedetails/1310-Lamms-Grove-Rd-Carthage-NC-28327/346994889_zpid/
"4511 Hezekiah Pl, Charlotte, NC 28215",310000,3.0,2.0,1128.0,https://www.zillow.com//homedetails/4511-Hezekiah-Pl-Charlotte-NC-28215/6200650_zpid/
"929 Arnold Road, Wilmington, NC 28412",399999,3.0,2.0,1901.0,https://www.zillow.com//homedetails/929-Arnold-Rd-Wilmington-NC-28412/54341261_zpid/
"1316 Ann Street, Wilmington, NC 28401",269900,3.0,2.0,1162.0,https://www.zillow.com//homedetails/1316-Ann-St-Wilmington-NC-28401/54309572_zpid/
"448 Johnson Dairy Rd, Mooresville, NC 28115",550000,2.0,2.0,1189.0,https://www.zillow.com//homedetails/448-Johnson-Dairy-Rd-Mooresville-NC-28115/6068216_zpid/
"277 Archie Mountain Ln, Taylorsville, NC 28681",599900,3.0,3.0,2972.0,https://www.zillow.com//homedetails/277-Archie-Mountain-Ln-Taylorsville-NC-28681/113747157_zpid/
"59 Myrtle Ave SW, Concord, NC 28025",237500,3.0,1.0,1064.0,https://www.zillow.com//homedetails/59-Myrtle-Ave-SW-Concord-NC-28025/5693885_zpid/
"269 Ernest Brown Rd, Lillington, NC 27546",169500,3.0,2.0,1615.0,https://www.zillow.com//homedetails/269-Ernest-Brown-Rd-Lillington-NC-27546/71858526_zpid/
"7719 Berry Crest Ave, Raleigh, NC 27617",625000,3.0,3.0,2721.0,https://www.zillow.com//homedetails/7719-Berry-Crest-Ave-Raleigh-NC-27617/81437228_zpid/
"1609 Quail Grove St, Willow Spring, NC 27592",324900,3.0,3.0,1629.0,https://www.zillow.com//homedetails/1609-Quail-Grove-St-Willow-Spring-NC-27592/6543554_zpid/
"9912 Mitchell Glen Dr, Charlotte, NC 28277",650000,4.0,3.0,2657.0,https://www.zillow.com//homedetails/9912-Mitchell-Glen-Dr-Charlotte-NC-28277/54500155_zpid/
"12660 Boyce Mill Rd, Raleigh, NC 27613",8500000,7.0,11.0,13746.0,https://www.zillow.com//homedetails/12660-Boyce-Mill-Rd-Raleigh-NC-27613/114429956_zpid/
"115 Highview Cir, Statesville, NC 28625",275000,3.0,3.0,2224.0,https://www.zillow.com//homedetails/115-Highview-Cir-Statesville-NC-28625/6092031_zpid/
"146 Vertis Covington Road, Rockingham, NC 28379",69900,3.0,1.0,960.0,https://www.zillow.com//homedetails/146-Vertis-Covington-Rd-Rockingham-NC-28379/236430588_zpid/
"4757 Gum Branch Road, Jacksonville, NC 28540",234900,3.0,2.0,1505.0,https://www.zillow.com//homedetails/4757-Gum-Branch-Rd-Jacksonville-NC-28540/51551184_zpid/
"515 Lee Hy Dr, Kernersville, NC 27284",110000,3.0,2.0,1248.0,https://www.zillow.com//homedetails/515-Lee-Hy-Dr-Kernersville-NC-27284/439649499_zpid/
"332 N Milford Dr, Salisbury, NC 28144",489900,4.0,3.0,3024.0,https://www.zillow.com//homedetails/332-N-Milford-Dr-Salisbury-NC-28144/75015450_zpid/
"8173 State Highway 210 N, Angier, NC 27501",200,3.0,2.0,1800.0,https://www.zillow.com//homedetails/8173-State-Highway-210-N-Angier-NC-27501/71880987_zpid/
"5909 Clarks Fork Dr, Raleigh, NC 27616",609000,5.0,3.0,3683.0,https://www.zillow.com//homedetails/5909-Clarks-Fork-Dr-Raleigh-NC-27616/60398434_zpid/
"109 Oakland Ave, Broadway, NC 27505",174900,3.0,2.0,1829.0,https://www.zillow.com//homedetails/109-Oakland-Ave-Broadway-NC-27505/107019329_zpid/
"1202 Roosevelt Dr, Chapel Hill, NC 27514",798900,4.0,3.0,2231.0,https://www.zillow.com//homedetails/1202-Roosevelt-Dr-Chapel-Hill-NC-27514/50039960_zpid/
"3215 N Rockingham Rd, Greensboro, NC 27407",3000000,4.0,6.0,8415.0,https://www.zillow.com//homedetails/3215-N-Rockingham-Rd-Greensboro-NC-27407/6008754_zpid/
"151 Cold Creek Ln #4, Marion, NC 28752",189000,3.0,2.0,0.0,https://www.zillow.com//homedetails/151-Cold-Creek-Ln-4-Marion-NC-28752/340010334_zpid/
"6335 Byrd Rd, Mebane, NC 27302",475000,3.0,2.0,1670.0,https://www.zillow.com//homedetails/6335-Byrd-Rd-Mebane-NC-27302/442578405_zpid/
"1970 Old Us Highway 64, Spring Hope, NC 27882",225000,3.0,2.0,1248.0,https://www.zillow.com//homedetails/1970-Old-Us-Highway-64-Spring-Hope-NC-27882/249924822_zpid/
"445 Bill Allen Branch Rd, Burnsville, NC 28714",330000,2.0,1.0,1065.0,https://www.zillow.com//homedetails/445-Bill-Allen-Branch-Rd-Burnsville-NC-28714/233154470_zpid/
"906 Delwood St, Sanford, NC 27330",249900,3.0,3.0,1653.0,https://www.zillow.com//homedetails/906-Delwood-St-Sanford-NC-27330/107011605_zpid/
"2635 S Chipley Ford Rd, Statesville, NC 28625",250000,3.0,2.0,1436.0,https://www.zillow.com//homedetails/2635-S-Chipley-Ford-Rd-Statesville-NC-28625/6084023_zpid/
"7330 Cassimir Place, Wilmington, NC 28412",350000,3.0,3.0,1838.0,https://www.zillow.com//homedetails/7330-Cassimir-Pl-Wilmington-NC-28412/54347830_zpid/
"921 Dogwood Dr, Graham, NC 27253",250000,3.0,2.0,1454.0,https://www.zillow.com//homedetails/921-Dogwood-Dr-Graham-NC-27253/51240176_zpid/
"109 Druid Hills Dr, Lexington, NC 27292",150000,3.0,2.0,1076.0,https://www.zillow.com//homedetails/109-Druid-Hills-Dr-Lexington-NC-27292/5728389_zpid/
"7524 Henderson Park Rd, Huntersville, NC 28078",435000,4.0,3.0,1853.0,https://www.zillow.com//homedetails/7524-Henderson-Park-Rd-Huntersville-NC-28078/6134686_zpid/
"261 Franks Cove Rd, Brevard, NC 28712",299000,2.0,2.0,1078.0,https://www.zillow.com//homedetails/261-Franks-Cove-Rd-Brevard-NC-28712/102289267_zpid/
"4924 Myers Rd, Monroe, NC 28110",175000,2.0,2.0,994.0,https://www.zillow.com//homedetails/4924-Myers-Rd-Monroe-NC-28110/6349296_zpid/
"1314 Waxhaw Indian Trail Rd S, Waxhaw, NC 28173",210000,3.0,2.0,1671.0,https://www.zillow.com//homedetails/1314-Waxhaw-Indian-Trail-Rd-S-Waxhaw-NC-28173/6345438_zpid/
"714 S Scientific St, High Point, NC 27260",279000,3.0,2.0,1378.0,https://www.zillow.com//homedetails/714-S-Scientific-St-High-Point-NC-27260/6026911_zpid/
"5303 Shasta Hill Ct, Charlotte, NC 28211",995000,4.0,3.0,2923.0,https://www.zillow.com//homedetails/5303-Shasta-Hill-Ct-Charlotte-NC-28211/6270806_zpid/
"1578 Teague Meadow Ln, Winston Salem, NC 27107",457000,3.0,3.0,2162.0,https://www.zillow.com//homedetails/1578-Teague-Meadow-Ln-Winston-Salem-NC-27107/5776638_zpid/
"2384 Okalina Ave, Winston Salem, NC 27105",150000,3.0,2.0,1421.0,https://www.zillow.com//homedetails/2384-Okalina-Ave-Winston-Salem-NC-27105/5761932_zpid/
"6095 Glenacre Dr, Kernersville, NC 27284",409000,3.0,4.0,2853.0,https://www.zillow.com//homedetails/6095-Glenacre-Dr-Kernersville-NC-27284/5831946_zpid/
"8820 Oneal Rd, Raleigh, NC 27613",900000,5.0,4.0,3833.0,https://www.zillow.com//homedetails/8820-Oneal-Rd-Raleigh-NC-27613/6417509_zpid/
"210 Carpenter St, Gastonia, NC 28054",120000,2.0,1.0,0.0,https://www.zillow.com//homedetails/210-Carpenter-St-Gastonia-NC-28054/70501804_zpid/
"675 Sink Lake Rd, High Point, NC 27265",187000,3.0,2.0,1582.0,https://www.zillow.com//homedetails/675-Sink-Lake-Rd-High-Point-NC-27265/53134032_zpid/
"1817 Center St, Winston Salem, NC 27127",189800,3.0,1.0,1354.0,https://www.zillow.com//homedetails/1817-Center-St-Winston-Salem-NC-27127/5752853_zpid/
"75 Red Fox Ln, Franklin, NC 28734",174900,3.0,2.0,1000.0,https://www.zillow.com//homedetails/75-Red-Fox-Ln-Franklin-NC-28734/65658289_zpid/
"3811 Bison Hill Ln, Raleigh, NC 27604",275000,3.0,3.0,1421.0,https://www.zillow.com//homedetails/3811-Bison-Hill-Ln-Raleigh-NC-27604/80200779_zpid/
"202 S 18th St, Erwin, NC 28339",199000,3.0,2.0,1269.0,https://www.zillow.com//homedetails/202-S-18th-St-Erwin-NC-28339/71872311_zpid/
"19125 Peninsula Point Dr, Cornelius, NC 28031",17895000,6.0,9.0,12002.0,https://www.zillow.com//homedetails/19125-Peninsula-Point-Dr-Cornelius-NC-28031/6124397_zpid/
"50224 Snug Harbor Dr LOT 271, Frisco, NC 27936",699000,4.0,3.0,2609.0,https://www.zillow.com//homedetails/50224-Snug-Harbor-Dr-LOT-271-Frisco-NC-27936/2076501255_zpid/
"120 Willowbrook Drive, Pikeville, NC 27863",270000,3.0,2.0,1441.0,https://www.zillow.com//homedetails/120-Willowbrook-Dr-Pikeville-NC-27863/224175101_zpid/
"54 Big Bear Dr, Pisgah Forest, NC 28768",145000,2.0,1.0,889.0,https://www.zillow.com//homedetails/54-Big-Bear-Dr-Pisgah-Forest-NC-28768/102313936_zpid/
"1738 Burton St, Winston Salem, NC 27105",175000,3.0,2.0,1205.0,https://www.zillow.com//homedetails/1738-Burton-St-Winston-Salem-NC-27105/117618266_zpid/
"3969 Carbonton Rd, Sanford, NC 27330",325000,3.0,2.0,1831.0,https://www.zillow.com//homedetails/3969-Carbonton-Rd-Sanford-NC-27330/107004492_zpid/
"2664 Charles Teague Pl, Lenoir, NC 28645",189900,3.0,2.0,1413.0,https://www.zillow.com//homedetails/2664-Charles-Teague-Pl-Lenoir-NC-28645/70088747_zpid/
"5717 Pine Street NE, Winnabow, NC 28479",199000,4.0,2.0,2035.0,https://www.zillow.com//homedetails/5717-Pine-St-NE-Winnabow-NC-28479/78267448_zpid/
"117 S Discovery St, Rocky Mount, NC 27801",89950,3.0,2.0,2047.0,https://www.zillow.com//homedetails/117-S-Discovery-St-Rocky-Mount-NC-27801/68677417_zpid/
"673 Cape Hickory Rd, Hickory, NC 28601",399900,4.0,2.0,2827.0,https://www.zillow.com//homedetails/673-Cape-Hickory-Rd-Hickory-NC-28601/227267204_zpid/
"5126 Misty Ln, Oxford, NC 27565",549900,4.0,3.0,3000.0,https://www.zillow.com//homedetails/5126-Misty-Ln-Oxford-NC-27565/86678261_zpid/
"625 Green Willow Cir, Wendell, NC 27591",419900,4.0,3.0,2260.0,https://www.zillow.com//homedetails/625-Green-Willow-Cir-Wendell-NC-27591/6430132_zpid/
"10080 S Chicken Rd, Fairmont, NC 28340",169999,3.0,3.0,2747.0,https://www.zillow.com//homedetails/10080-S-Chicken-Rd-Fairmont-NC-28340/118978971_zpid/
"3520 Courtland Dr, Durham, NC 27707",440000,3.0,2.0,1449.0,https://www.zillow.com//homedetails/3520-Courtland-Dr-Durham-NC-27707/49991425_zpid/
"701 Scotts Ridge Trl, Apex, NC 27502",599900,4.0,4.0,2464.0,https://www.zillow.com//homedetails/701-Scotts-Ridge-Trl-Apex-NC-27502/53456334_zpid/
"1916 Elmwood Dr, Gastonia, NC 28054",250000,3.0,3.0,1589.0,https://www.zillow.com//homedetails/1916-Elmwood-Dr-Gastonia-NC-28054/5854305_zpid/
"266 Bowlick Lane, Elk Park, NC 28622",299000,2.0,2.0,1506.0,https://www.zillow.com//homedetails/266-Bowlick-Ln-Elk-Park-NC-28622/430993646_zpid/
"651 Fowler Manning Road, Richlands, NC 28574",239000,3.0,2.0,2117.0,https://www.zillow.com//homedetails/651-Fowler-Manning-Rd-Richlands-NC-28574/199867837_zpid/
"115 Cheviot Dr, Kernersville, NC 27284",349900,4.0,3.0,2195.0,https://www.zillow.com//homedetails/115-Cheviot-Dr-Kernersville-NC-27284/5837584_zpid/
"5422 Glen Forest Dr, Charlotte, NC 28226",799900,4.0,3.0,2533.0,https://www.zillow.com//homedetails/5422-Glen-Forest-Dr-Charlotte-NC-28226/65010175_zpid/
"7001 Starvalley Dr, Charlotte, NC 28210",560000,3.0,2.0,1300.0,https://www.zillow.com//homedetails/7001-Starvalley-Dr-Charlotte-NC-28210/6260756_zpid/
"1292 McKinney Mine Rd, Spruce Pine, NC 28777",199900,3.0,2.0,2495.0,https://www.zillow.com//homedetails/1292-McKinney-Mine-Rd-Spruce-Pine-NC-28777/114815068_zpid/
"410 Sierra Drive, Wilmington, NC 28409",450000,3.0,2.0,1492.0,https://www.zillow.com//homedetails/410-Sierra-Dr-Wilmington-NC-28409/54338700_zpid/
"1816 Center Ridge Dr, Apex, NC 27502",1500000,5.0,6.0,5023.0,https://www.zillow.com//homedetails/1816-Center-Ridge-Dr-Apex-NC-27502/248755060_zpid/
"1024 8th St, Statesville, NC 28677",245000,5.0,2.0,1663.0,https://www.zillow.com//homedetails/1024-8th-St-Statesville-NC-28677/6081899_zpid/
"452 W Huckleberry Way, Rocky Point, NC 28457",399000,4.0,3.0,2033.0,https://www.zillow.com//homedetails/452-W-Huckleberry-Way-Rocky-Point-NC-28457/250382398_zpid/
"3105 Hanging Dog Rd, Murphy, NC 28906",147500,3.0,2.0,1033.0,https://www.zillow.com//homedetails/3105-Hanging-Dog-Rd-Murphy-NC-28906/106958614_zpid/
"6102 Joshua Tree Ct, Charlotte, NC 28227",336000,3.0,3.0,1584.0,https://www.zillow.com//homedetails/6102-Joshua-Tree-Ct-Charlotte-NC-28227/6211169_zpid/
"811 Markham Rd, Tryon, NC 28782",125000,2.0,2.0,1177.0,https://www.zillow.com//homedetails/811-Markham-Rd-Tryon-NC-28782/232564473_zpid/
"200 Little Big Horn Dr, Dallas, NC 28034",249900,2.0,2.0,1746.0,https://www.zillow.com//homedetails/200-Little-Big-Horn-Dr-Dallas-NC-28034/5888431_zpid/
"1890 Rhyne Land Rd, Lincolnton, NC 28092",299900,3.0,2.0,1712.0,https://www.zillow.com//homedetails/1890-Rhyne-Land-Rd-Lincolnton-NC-28092/6111464_zpid/
"2900 Chellowe Court, Winterville, NC 28590",232000,3.0,2.0,1377.0,https://www.zillow.com//homedetails/2900-Chellowe-Ct-Winterville-NC-28590/102238110_zpid/
"1819 Robbie Ct, Graham, NC 27253",340000,3.0,2.0,1633.0,https://www.zillow.com//homedetails/1819-Robbie-Ct-Graham-NC-27253/51238806_zpid/
"3004 Ridge Ave, Charlotte, NC 28208",290000,4.0,2.0,1250.0,https://www.zillow.com//homedetails/3004-Ridge-Ave-Charlotte-NC-28208/6239868_zpid/
"184 Porch View Dr, Sylva, NC 28779",750000,5.0,3.0,-,https://www.zillow.com//homedetails/184-Porch-View-Dr-Sylva-NC-28779/84720712_zpid/
"260 S Rocky River Rd, Sanford, NC 27330",150000,2.0,1.0,932.0,https://www.zillow.com//homedetails/260-S-Rocky-River-Rd-Sanford-NC-27330/440534358_zpid/
"66 Hardy Rd, Wendell, NC 27591",350000,3.0,2.0,1559.0,https://www.zillow.com//homedetails/66-Hardy-Rd-Wendell-NC-27591/69098339_zpid/
"220 Aldridge Ln, Archdale, NC 27263",299000,3.0,3.0,1808.0,https://www.zillow.com//homedetails/220-Aldridge-Ln-Archdale-NC-27263/50078451_zpid/
"1912 Garner Glen Dr, Raleigh, NC 27603",310000,3.0,2.0,1300.0,https://www.zillow.com//homedetails/1912-Garner-Glen-Dr-Raleigh-NC-27603/6393650_zpid/
"4182 Duff Dr, Hudson, NC 28638",239900,4.0,3.0,2481.0,https://www.zillow.com//homedetails/4182-Duff-Dr-Hudson-NC-28638/70079480_zpid/
"44339 Us Highway 52 N, Richfield, NC 28137",375000,3.0,2.0,1784.0,https://www.zillow.com//homedetails/44339-Us-Highway-52-N-Richfield-NC-28137/71396166_zpid/
"80 Waynes Ln, Middlesex, NC 27557",224900,3.0,2.0,1155.0,https://www.zillow.com//homedetails/80-Waynes-Ln-Middlesex-NC-27557/442612602_zpid/
"472 Picadilly Ln, Troutman, NC 28166",273000,3.0,3.0,1435.0,https://www.zillow.com//homedetails/472-Picadilly-Ln-Troutman-NC-28166/440960363_zpid/
"2660 Shiloh Dr, Winston Salem, NC 27106",174500,3.0,2.0,1667.0,https://www.zillow.com//homedetails/2660-Shiloh-Dr-Winston-Salem-NC-27106/5788917_zpid/
"5329 Thistlebrook Ct, Raleigh, NC 27610",345000,3.0,2.0,1872.0,https://www.zillow.com//homedetails/5329-Thistlebrook-Ct-Raleigh-NC-27610/6487197_zpid/
"3701 Castlegate Dr, Raleigh, NC 27616",259900,2.0,2.0,912.0,https://www.zillow.com//homedetails/3701-Castlegate-Dr-Raleigh-NC-27616/6508347_zpid/
"9845 Swamp Fox Highway E, Tabor City, NC 28463",199900,3.0,2.0,1800.0,https://www.zillow.com//homedetails/9845-Swamp-Fox-Hwy-E-Tabor-City-NC-28463/225686555_zpid/
"5126 Blakeshire Rd, Greensboro, NC 27406",699900,3.0,3.0,3678.0,https://www.zillow.com//homedetails/5126-Blakeshire-Rd-Greensboro-NC-27406/5982576_zpid/
"2185 Bayside Street SW, Supply, NC 28462",287900,4.0,3.0,1852.0,https://www.zillow.com//homedetails/2185-Bayside-St-SW-Supply-NC-28462/84168638_zpid/
"600 S Chapel St, Landis, NC 28088",199000,3.0,2.0,1550.0,https://www.zillow.com//homedetails/600-S-Chapel-St-Landis-NC-28088/75010117_zpid/
"413 Raleigh Avenue, Carolina Beach, NC 28428",459900,2.0,2.0,800.0,https://www.zillow.com//homedetails/413-Raleigh-Ave-Carolina-Beach-NC-28428/54351951_zpid/
"1497 Secluded Valley Rd, Marshall, NC 28753",299000,2.0,2.0,1073.0,https://www.zillow.com//homedetails/1497-Secluded-Valley-Rd-Marshall-NC-28753/233616198_zpid/
"4413 Old Colony Rd, Raleigh, NC 27613",419900,4.0,3.0,2004.0,https://www.zillow.com//homedetails/4413-Old-Colony-Rd-Raleigh-NC-27613/6446692_zpid/
"4 Brae Burn Dr, Arden, NC 28704",450000,4.0,3.0,3187.0,https://www.zillow.com//homedetails/4-Brae-Burn-Dr-Arden-NC-28704/5625592_zpid/
"348 Laurelwood Lane, Boone, NC 28607",350000,2.0,3.0,882.0,https://www.zillow.com//homedetails/348-Laurelwood-Ln-Boone-NC-28607/402474743_zpid/
"3612 Ladywood Ct, Raleigh, NC 27616",334900,3.0,2.0,1440.0,https://www.zillow.com//homedetails/3612-Ladywood-Ct-Raleigh-NC-27616/6488720_zpid/
"102 Northwinds North Dr, Wendell, NC 27591",275000,3.0,2.0,1191.0,https://www.zillow.com//homedetails/102-Northwinds-North-Dr-Wendell-NC-27591/6550610_zpid/
"1738 Firetower Rd, Louisburg, NC 27549",495000,3.0,2.0,2433.0,https://www.zillow.com//homedetails/1738-Firetower-Rd-Louisburg-NC-27549/49957019_zpid/
"3639 Nc 43 Hy N, Greenville, NC 27834",269500,4.0,2.0,2527.0,https://www.zillow.com//homedetails/3639-State-Highway-43-N-Greenville-NC-27834/51443927_zpid/
"645 Line Rd, Cameron, NC 28326",249990,3.0,2.0,1558.0,https://www.zillow.com//homedetails/645-Line-Rd-Cameron-NC-28326/71895341_zpid/
"415 Wayfield Ln, Cary, NC 27518",949000,4.0,4.0,4068.0,https://www.zillow.com//homedetails/415-Wayfield-Ln-Cary-NC-27518/53457518_zpid/
"207 Camden Park Drive, Goldsboro, NC 27530",289900,3.0,2.0,1698.0,https://www.zillow.com//homedetails/207-Camden-Park-Dr-Goldsboro-NC-27530/224170766_zpid/
"507 Courtney Ln, Canton, NC 28716",200000,2.0,2.0,1120.0,https://www.zillow.com//homedetails/507-Courtney-Ln-Canton-NC-28716/65668184_zpid/
"257 Morning Mist Dr, Boomer, NC 28606",349900,3.0,2.0,1731.0,https://www.zillow.com//homedetails/257-Morning-Mist-Dr-Boomer-NC-28606/248813139_zpid/
"1755 N Main St, China Grove, NC 28023",240000,2.0,2.0,958.0,https://www.zillow.com//homedetails/1755-N-Main-St-China-Grove-NC-28023/75004561_zpid/
"104 Barbee Rd SW, Concord, NC 28027",250000,3.0,2.0,1020.0,https://www.zillow.com//homedetails/104-Barbee-Rd-SW-Concord-NC-28027/5662513_zpid/
"308 Trimble Ave, Cary, NC 27511",499999,3.0,3.0,2048.0,https://www.zillow.com//homedetails/308-Trimble-Ave-Cary-NC-27511/6506937_zpid/
"4737 Oakview Drive SE, Southport, NC 28461",250000,3.0,2.0,1343.0,https://www.zillow.com//homedetails/4737-Oakview-Dr-SE-Southport-NC-28461/78253254_zpid/
"4827 Camilla Dr, Charlotte, NC 28226",2499999,6.0,8.0,6964.0,https://www.zillow.com//homedetails/4827-Camilla-Dr-Charlotte-NC-28226/6295167_zpid/
"2717 Madison Oaks Ct, Charlotte, NC 28226",1175000,6.0,5.0,5359.0,https://www.zillow.com//homedetails/2717-Madison-Oaks-Ct-Charlotte-NC-28226/80467893_zpid/
"1208 Turnstone Drive, Rocky Mount, NC 27803",242900,3.0,3.0,1489.0,https://www.zillow.com//homedetails/1208-Turnstone-Dr-Rocky-Mount-NC-27803/75000192_zpid/
"182 Clayton St, Winston Salem, NC 27105",194800,3.0,3.0,3068.0,https://www.zillow.com//homedetails/182-Clayton-St-Winston-Salem-NC-27105/5764512_zpid/
"7901 Tulip Cir, Raleigh, NC 27606",702000,5.0,3.0,4112.0,https://www.zillow.com//homedetails/7901-Tulip-Cir-Raleigh-NC-27606/6465007_zpid/
"931 E 21st St, Winston Salem, NC 27105",235000,3.0,2.0,1316.0,https://www.zillow.com//homedetails/931-E-21st-St-Winston-Salem-NC-27105/249361434_zpid/
"28 Forest Lake Cir, Greensboro, NC 27407",379000,3.0,3.0,2658.0,https://www.zillow.com//homedetails/28-Forest-Lake-Cir-Greensboro-NC-27407/5969471_zpid/
"374 Mills Gap Rd, Fletcher, NC 28732",365000,3.0,2.0,1427.0,https://www.zillow.com//homedetails/374-Mills-Gap-Rd-Fletcher-NC-28732/440814557_zpid/
"6104 Howards Creek Road, Boone, NC 28607",449900,2.0,1.0,922.0,https://www.zillow.com//homedetails/6104-Howards-Creek-Rd-Boone-NC-28607/102351249_zpid/
"166 Wallace Road, Beaufort, NC 28516",524900,2.0,2.0,1584.0,https://www.zillow.com//homedetails/166-Wallace-Rd-Beaufort-NC-28516/101992343_zpid/
"116 Drew Ct, Clayton, NC 27520",330000,3.0,2.0,1305.0,https://www.zillow.com//homedetails/116-Drew-Ct-Clayton-NC-27520/69099155_zpid/
"1915 Wedgedale Dr, Charlotte, NC 28210",639000,3.0,2.0,1820.0,https://www.zillow.com//homedetails/1915-Wedgedale-Dr-Charlotte-NC-28210/6259459_zpid/
"1507 Rosewood St, Durham, NC 27701",330000,4.0,3.0,2906.0,https://www.zillow.com//homedetails/1507-Rosewood-St-Durham-NC-27701/49979119_zpid/
"438 Old Merry Hill Road, Merry Hill, NC 27957",85000,4.0,2.0,1612.0,https://www.zillow.com//homedetails/438-Old-Merry-Hill-Rd-Merry-Hill-NC-27957/235574060_zpid/
"154 Deer Run Rd, Canton, NC 28716",415000,2.0,3.0,1950.0,https://www.zillow.com//homedetails/154-Deer-Run-Rd-Canton-NC-28716/65617849_zpid/
"17929 Pages Pond Ct, Davidson, NC 28036",838000,4.0,4.0,3372.0,https://www.zillow.com//homedetails/17929-Pages-Pond-Ct-Davidson-NC-28036/6128746_zpid/
"2212 Weybridge Dr, Raleigh, NC 27615",850000,4.0,3.0,3250.0,https://www.zillow.com//homedetails/2212-Weybridge-Dr-Raleigh-NC-27615/6459580_zpid/
"698 Lava Trl, Fayetteville, NC 28311",154999,3.0,2.0,1278.0,https://www.zillow.com//homedetails/698-Lava-Trl-Fayetteville-NC-28311/53686315_zpid/
"12561 Talon Drive, Zebulon, NC 27597",249900,4.0,2.0,2105.0,https://www.zillow.com//homedetails/12561-Talon-Dr-Zebulon-NC-27597/74985634_zpid/
"180 Four Andrews Dr, Harmony, NC 28634",245000,4.0,3.0,1841.0,https://www.zillow.com//homedetails/180-Four-Andrews-Dr-Harmony-NC-28634/196800763_zpid/
"309 N Elm St, Marshville, NC 28103",175000,4.0,3.0,2370.0,https://www.zillow.com//homedetails/309-N-Elm-St-Marshville-NC-28103/6334707_zpid/
"164 Great Neck Road, Havelock, NC 28532",549000,3.0,3.0,1996.0,https://www.zillow.com//homedetails/164-Great-Neck-Rd-Havelock-NC-28532/78295017_zpid/
"2101 Darian Way, Waxhaw, NC 28173",825000,5.0,4.0,4587.0,https://www.zillow.com//homedetails/2101-Darian-Way-Waxhaw-NC-28173/117890884_zpid/
"340 LAUREL PARK Road, Blowing Rock, NC 28605",13975000,5.0,7.0,8196.0,https://www.zillow.com//homedetails/340-Laurel-Park-Rd-Blowing-Rock-NC-28605/102347656_zpid/
"7613 Rolling Meadows Ln, Huntersville, NC 28078",350000,3.0,3.0,1421.0,https://www.zillow.com//homedetails/7613-Rolling-Meadows-Ln-Huntersville-NC-28078/65003437_zpid/
"685 Shumont Rd, Black Mountain, NC 28711",250000,2.0,1.0,576.0,https://www.zillow.com//homedetails/685-Shumont-Rd-Black-Mountain-NC-28711/5590682_zpid/
"510 S Hoyle St, Dallas, NC 28034",159900,3.0,2.0,1040.0,https://www.zillow.com//homedetails/510-S-Hoyle-St-Dallas-NC-28034/440822942_zpid/
"2930 Silkstream Ln, Charlotte, NC 28262",318000,3.0,2.0,1558.0,https://www.zillow.com//homedetails/2930-Silkstream-Ln-Charlotte-NC-28262/6165972_zpid/
"315 Dusty Holw, Bostic, NC 28018",79900,3.0,1.0,924.0,https://www.zillow.com//homedetails/315-Dusty-Holw-Bostic-NC-28018/102226031_zpid/
"2925 Coachway Dr, Fayetteville, NC 28306",259900,4.0,2.0,1550.0,https://www.zillow.com//homedetails/2925-Coachway-Dr-Fayetteville-NC-28306/53702054_zpid/
"210 Sea Manor Drive, Surf City, NC 28445",849000,4.0,3.0,2050.0,https://www.zillow.com//homedetails/210-Sea-Manor-Dr-Surf-City-NC-28445/102129179_zpid/
"513 2nd St, Spencer, NC 28159",200000,5.0,2.0,2584.0,https://www.zillow.com//homedetails/513-2nd-St-Spencer-NC-28159/75016516_zpid/
"210 Preston Pines Dr, Cary, NC 27513",711000,4.0,3.0,2400.0,https://www.zillow.com//homedetails/210-Preston-Pines-Dr-Cary-NC-27513/6518240_zpid/
"6916 Bill Poole Rd, Rougemont, NC 27572",500000,4.0,3.0,1900.0,https://www.zillow.com//homedetails/6916-Bill-Poole-Rd-Rougemont-NC-27572/251693007_zpid/
"24 Manito Pl, Clayton, NC 27520",289000,3.0,3.0,1578.0,https://www.zillow.com//homedetails/24-Manito-Pl-Clayton-NC-27520/250040154_zpid/
"304 Hardwood Ridge Ct, Clayton, NC 27520",390000,3.0,3.0,1554.0,https://www.zillow.com//homedetails/304-Hardwood-Ridge-Ct-Clayton-NC-27520/6450035_zpid/
"475 Whispering Springs Ln, Topton, NC 28781",195000,3.0,2.0,2300.0,https://www.zillow.com//homedetails/475-Whispering-Springs-Ln-Topton-NC-28781/65656670_zpid/
"4762 Polk Ford Rd, Stanfield, NC 28163",288900,3.0,2.0,1750.0,https://www.zillow.com//homedetails/4762-Polk-Ford-Rd-Stanfield-NC-28163/71395324_zpid/
"3641 Meadow Creek Ln, Raleigh, NC 27616",290000,3.0,2.0,1308.0,https://www.zillow.com//homedetails/3641-Meadow-Creek-Ln-Raleigh-NC-27616/6500624_zpid/
"5814 Valhalla Ct, Fayetteville, NC 28304",240000,3.0,2.0,1578.0,https://www.zillow.com//homedetails/5814-Valhalla-Ct-Fayetteville-NC-28304/53621618_zpid/
"455 New Haw Creek Rd, Asheville City, NC 28805",435000,3.0,2.0,1120.0,https://www.zillow.com//homedetails/455-New-Haw-Creek-Rd-Asheville-City-NC-28805/5623111_zpid/
"2505 Friendly Trl, Raleigh, NC 27610",310000,4.0,2.0,1611.0,https://www.zillow.com//homedetails/2505-Friendly-Trl-Raleigh-NC-27610/6425184_zpid/
"125 Butterfly Creek Drive, Seven Springs, NC 28578",699900,3.0,3.0,3066.0,https://www.zillow.com//homedetails/125-Butterfly-Creek-Dr-Seven-Springs-NC-28578/224148621_zpid/
"110 Luangthep Ln, Statesville, NC 28625",169900,4.0,2.0,1944.0,https://www.zillow.com//homedetails/110-Luangthep-Ln-Statesville-NC-28625/60305682_zpid/
"105 Ridgewood Court, Jacksonville, NC 28546",315000,4.0,3.0,2244.0,https://www.zillow.com//homedetails/105-Ridgewood-Ct-Jacksonville-NC-28546/60827103_zpid/
"507 Reeves Ave, Albemarle, NC 28001",225000,3.0,2.0,1359.0,https://www.zillow.com//homedetails/507-Reeves-Ave-Albemarle-NC-28001/71401707_zpid/
"5336 Covington Cross Dr, Knightdale, NC 27545",289500,3.0,2.0,1216.0,https://www.zillow.com//homedetails/5336-Covington-Cross-Dr-Knightdale-NC-27545/6554883_zpid/
"725 Lightspun Ln, Charlotte, NC 28216",213500,3.0,1.0,1000.0,https://www.zillow.com//homedetails/725-Lightspun-Ln-Charlotte-NC-28216/6156525_zpid/
"574 Cat Square Rd, Lincolnton, NC 28092",269900,2.0,2.0,1321.0,https://www.zillow.com//homedetails/574-Cat-Square-Rd-Lincolnton-NC-28092/6104824_zpid/
"3107 Farmington Dr, Greensboro, NC 27407",259000,3.0,2.0,1529.0,https://www.zillow.com//homedetails/3107-Farmington-Dr-Greensboro-NC-27407/5936580_zpid/
"216 Foxcroft Road, Southport, NC 28461",239900,3.0,3.0,1610.0,https://www.zillow.com//homedetails/216-Foxcroft-Rd-Southport-NC-28461/81583989_zpid/
"9435 Squirrel Hollow Ln, Charlotte, NC 28270",725000,4.0,3.0,2648.0,https://www.zillow.com//homedetails/9435-Squirrel-Hollow-Ln-Charlotte-NC-28270/6321766_zpid/
"107 Maurice St, Monroe, NC 28112",293000,4.0,3.0,2294.0,https://www.zillow.com//homedetails/107-Maurice-St-Monroe-NC-28112/6367905_zpid/
"117 Wilson Run, Bunnlevel, NC 28323",235000,3.0,2.0,1284.0,https://www.zillow.com//homedetails/117-Wilson-Run-Bunnlevel-NC-28323/71859235_zpid/
"5311 Fairground Rd, Dunn, NC 28334",499900,4.0,4.0,4323.0,https://www.zillow.com//homedetails/5311-Fairground-Rd-Dunn-NC-28334/82174744_zpid/
"5600 W Chop Way, Wilmington, NC 28412",377500,3.0,2.0,1511.0,https://www.zillow.com//homedetails/5600-W-Chop-Way-Wilmington-NC-28412/54341635_zpid/
"3108 Eric St, Willow Spring, NC 27592",337000,3.0,3.0,1597.0,https://www.zillow.com//homedetails/3108-Eric-St-Willow-Spring-NC-27592/50104142_zpid/
"2824 N Brevard St, Charlotte, NC 28205",549900,-,-,-,https://www.zillow.com//homedetails/2824-N-Brevard-St-Charlotte-NC-28205/6188159_zpid/
"70 McNichol Ct, Clayton, NC 27520",390000,3.0,2.0,1675.0,https://www.zillow.com//homedetails/70-McNichol-Ct-Clayton-NC-27520/69113950_zpid/
"15 S Indiancreek Pl, Durham, NC 27703",334900,3.0,3.0,1782.0,https://www.zillow.com//homedetails/15-S-Indiancreek-Pl-Durham-NC-27703/50011892_zpid/
"301 Bear Track Lane UNIT 25, Lenoir, NC 28645",79000,-,-,-,https://www.zillow.com//homedetails/301-Bear-Track-Ln-25-Lenoir-NC-28645/439967023_zpid/
"432 Park Ave, Salisbury, NC 28144",269000,6.0,2.0,4330.0,https://www.zillow.com//homedetails/432-Park-Ave-Salisbury-NC-28144/203741721_zpid/
"2080 Ranger Rd, Murphy, NC 28906",160000,2.0,1.0,900.0,https://www.zillow.com//homedetails/2080-Ranger-Rd-Murphy-NC-28906/230505611_zpid/
"1016 Atherton Dr, Indian Trail, NC 28079",774900,5.0,5.0,3601.0,https://www.zillow.com//homedetails/1016-Atherton-Dr-Indian-Trail-NC-28079/125116504_zpid/
"8816 Knights Union Way, Wake Forest, NC 27587",700000,4.0,3.0,3500.0,https://www.zillow.com//homedetails/8816-Knights-Union-Way-Wake-Forest-NC-27587/215486968_zpid/
"3102 Williams Station Road, Matthews, NC 28105",549000,5.0,4.0,2922.0,https://www.zillow.com//homedetails/3102-Williams-Station-Rd-Matthews-NC-28105/63813991_zpid/
"2124 Caleo Cir, Charlotte, NC 28270",525000,4.0,3.0,3028.0,https://www.zillow.com//homedetails/2124-Caleo-Cir-Charlotte-NC-28270/2074099664_zpid/
"3123 Windsor Dr, Charlotte, NC 28209",1500000,4.0,3.0,3005.0,https://www.zillow.com//homedetails/3123-Windsor-Dr-Charlotte-NC-28209/6263586_zpid/
"18 Abbottsford Drive, Pinehurst, NC 28374",889000,4.0,4.0,4242.0,https://www.zillow.com//homedetails/18-Abbottsford-Dr-Pinehurst-NC-28374/74961046_zpid/
"732 N Pleasant Coates Rd, Benson, NC 27504",272500,3.0,2.0,1152.0,https://www.zillow.com//homedetails/732-N-Pleasant-Coates-Rd-Benson-NC-27504/69100410_zpid/
"8049 Serendipity Ln, Charlotte, NC 28277",525000,3.0,3.0,2098.0,https://www.zillow.com//homedetails/8049-Serendipity-Ln-Charlotte-NC-28277/6317960_zpid/
"2523 Carya Pond Ln, Charlotte, NC 28212",194000,2.0,2.0,1149.0,https://www.zillow.com//homedetails/2523-Carya-Pond-Ln-Charlotte-NC-28212/65008254_zpid/
"712 Country Club Road, Jacksonville, NC 28546",229900,3.0,2.0,1752.0,https://www.zillow.com//homedetails/712-Country-Club-Rd-Jacksonville-NC-28546/51556906_zpid/
"213 Mill Creek Dr, Youngsville, NC 27596",285000,3.0,2.0,1000.0,https://www.zillow.com//homedetails/213-Mill-Creek-Dr-Youngsville-NC-27596/58354600_zpid/
"7167 Farm Loop Path SW, Sunset Beach, NC 28468",325000,4.0,2.0,1739.0,https://www.zillow.com//homedetails/7167-Farm-Loop-Path-SW-Sunset-Beach-NC-28468/78218845_zpid/
"78 & 126 Mountain Magnolia Dr, Leicester, NC 28748",89111,-,-,-,https://www.zillow.com//homedetails/78-126-Mountain-Magnolia-Dr-Leicester-NC-28748/2053645358_zpid/
"208 Webb Street, Hertford, NC 27944",265000,2.0,2.0,1872.0,https://www.zillow.com//homedetails/208-Webb-St-Hertford-NC-27944/116101132_zpid/
"106 Dunbar Lane, Jacksonville, NC 28540",299999,4.0,3.0,1904.0,https://www.zillow.com//homedetails/106-Dunbar-Ln-Jacksonville-NC-28540/51563853_zpid/
"4165 54th Ave NE, Hickory, NC 28601",2275000,4.0,6.0,7251.0,https://www.zillow.com//homedetails/4165-54th-Ave-NE-Hickory-NC-28601/71960016_zpid/
"114 Whitetail Ct, Raeford, NC 28376",249900,3.0,2.0,1472.0,https://www.zillow.com//homedetails/114-Whitetail-Ct-Raeford-NC-28376/248368514_zpid/
"906 E Main St, Plymouth, NC 27962",185000,3.0,2.0,2061.0,https://www.zillow.com//homedetails/906-E-Main-St-Plymouth-NC-27962/107066702_zpid/
"17 Moonlight Trl, Bryson City, NC 28713",293000,2.0,2.0,1074.0,https://www.zillow.com//homedetails/17-Moonlight-Trl-Bryson-City-NC-28713/107060205_zpid/
"6701 1st Ave, Indian Trail, NC 28079",324900,3.0,2.0,1244.0,https://www.zillow.com//homedetails/6701-1st-Ave-Indian-Trail-NC-28079/6351456_zpid/
"1425 Sky Vista Way, Raleigh, NC 27613",4750000,5.0,7.0,8859.0,https://www.zillow.com//homedetails/1425-Sky-Vista-Way-Raleigh-NC-27613/336860484_zpid/
"4508 Southport Rd, Greensboro, NC 27410",309900,3.0,3.0,2041.0,https://www.zillow.com//homedetails/4508-Southport-Rd-Greensboro-NC-27410/6003633_zpid/
"12 Goodwill St, Asheville, NC 28806",250000,2.0,1.0,729.0,https://www.zillow.com//homedetails/12-Goodwill-St-Asheville-NC-28806/5610078_zpid/
"5205 Rembert Dr, Raleigh, NC 27612",649000,3.0,3.0,2775.0,https://www.zillow.com//homedetails/5205-Rembert-Dr-Raleigh-NC-27612/6413068_zpid/
"5321 Silas Creek Pkwy, Winston Salem, NC 27106",319000,4.0,3.0,2894.0,https://www.zillow.com//homedetails/5321-Silas-Creek-Pkwy-Winston-Salem-NC-27106/5773855_zpid/
"204 Mingocrest Dr, Knightdale, NC 27545",349900,3.0,3.0,1528.0,https://www.zillow.com//homedetails/204-Mingocrest-Dr-Knightdale-NC-27545/53455299_zpid/
"1104 Lombar St, Raleigh, NC 27610",369900,4.0,3.0,2017.0,https://www.zillow.com//homedetails/1104-Lombar-St-Raleigh-NC-27610/81748146_zpid/
"3809 Avalon Ave, Charlotte, NC 28208",289900,4.0,2.0,2976.0,https://www.zillow.com//homedetails/3809-Avalon-Ave-Charlotte-NC-28208/6176900_zpid/
"6300 Calico Ct, Wake Forest, NC 27587",349500,3.0,3.0,1991.0,https://www.zillow.com//homedetails/6300-Calico-Ct-Wake-Forest-NC-27587/6527627_zpid/
"2102 Monticello Dr, Gastonia, NC 28056",375000,3.0,3.0,2395.0,https://www.zillow.com//homedetails/2102-Monticello-Dr-Gastonia-NC-28056/5857122_zpid/
"2613 Armstrong Cir, Gastonia, NC 28054",325000,3.0,3.0,1542.0,https://www.zillow.com//homedetails/2613-Armstrong-Cir-Gastonia-NC-28054/5858019_zpid/
"137 Nixons Beach Road, Edenton, NC 27932",879000,4.0,3.0,2762.0,https://www.zillow.com//homedetails/137-Nixons-Beach-Rd-Edenton-NC-27932/233559276_zpid/
"5365 N State Highway 49, Burlington, NC 27217",470000,3.0,2.0,1840.0,https://www.zillow.com//homedetails/5365-N-State-Highway-49-Burlington-NC-27217/51215328_zpid/
"5816 Goolsby Ct, Apex, NC 27539",300000,3.0,3.0,1625.0,https://www.zillow.com//homedetails/5816-Goolsby-Ct-Apex-NC-27539/6490261_zpid/
"138 Wackena Way, Beaufort, NC 28516",699000,3.0,2.0,2100.0,https://www.zillow.com//homedetails/138-Wackena-Way-Beaufort-NC-28516/101996409_zpid/
"13883 Clayborn St, Midland, NC 28107",262900,2.0,3.0,1238.0,https://www.zillow.com//homedetails/13883-Clayborn-St-Midland-NC-28107/338190241_zpid/
"46 Bear Rock Rd, Hendersonville, NC 28739",498000,2.0,2.0,1439.0,https://www.zillow.com//homedetails/46-Bear-Rock-Rd-Hendersonville-NC-28739/241562416_zpid/
"115 Pitt St, Fayetteville, NC 28306",149500,2.0,2.0,1103.0,https://www.zillow.com//homedetails/115-Pitt-St-Fayetteville-NC-28306/53664655_zpid/
"296 Douglas Falls Dr, Wendell, NC 27591",310000,3.0,3.0,1694.0,https://www.zillow.com//homedetails/296-Douglas-Falls-Dr-Wendell-NC-27591/331653601_zpid/
"7333 Michaels Landing Dr, Charlotte, NC 28262",230000,2.0,2.0,1220.0,https://www.zillow.com//homedetails/7333-Michaels-Landing-Dr-Charlotte-NC-28262/65021627_zpid/
"1411 Lineberger Ave, Gastonia, NC 28052",249800,3.0,3.0,1412.0,https://www.zillow.com//homedetails/1411-Lineberger-Ave-Gastonia-NC-28052/5853855_zpid/
"2204 Hoot Owl Ct, Raleigh, NC 27603",309900,3.0,2.0,1245.0,https://www.zillow.com//homedetails/2204-Hoot-Owl-Ct-Raleigh-NC-27603/6512841_zpid/
"1748 Chase High Rd, Forest City, NC",29000,-,-,-,"https://www.zillow.com//b/building/35.759575,-79.0193_ll/"
"1909 W Friendly Ave, Greensboro, NC 27403",999900,4.0,3.0,3005.0,https://www.zillow.com//homedetails/1909-W-Friendly-Ave-Greensboro-NC-27403/5915371_zpid/
"430 Heart Pine Dr, Wendell, NC 27591",450000,4.0,3.0,2171.0,https://www.zillow.com//homedetails/430-Heart-Pine-Dr-Wendell-NC-27591/337433859_zpid/
"3855 Angier Ave, Durham, NC 27703",225000,3.0,1.0,1438.0,https://www.zillow.com//homedetails/3855-Angier-Ave-Durham-NC-27703/50009609_zpid/
"614 3rd Street Pl SW, Conover, NC 28613",200000,3.0,2.0,1201.0,https://www.zillow.com//homedetails/614-3rd-Street-Pl-SW-Conover-NC-28613/71916684_zpid/
"5517 Oregon Landing Pl, Raleigh, NC 27610",380000,5.0,3.0,2004.0,https://www.zillow.com//homedetails/5517-Oregon-Landing-Pl-Raleigh-NC-27610/60537581_zpid/
"115 Arrowood Drive, Nashville, NC 27856",154900,4.0,2.0,1104.0,https://www.zillow.com//homedetails/115-Arrowood-Dr-Nashville-NC-27856/216885221_zpid/
"67 Meherrin Ct, Clayton, NC 27527",495000,4.0,3.0,2544.0,https://www.zillow.com//homedetails/67-Meherrin-Ct-Clayton-NC-27527/124219264_zpid/
"535 Brooklyn Ave, Cramerton, NC 28032",312000,2.0,2.0,1228.0,https://www.zillow.com//homedetails/535-Brooklyn-Ave-Cramerton-NC-28032/5902977_zpid/
"206 West Rd, Angier, NC 27501",159700,3.0,1.0,1344.0,https://www.zillow.com//homedetails/206-West-Rd-Angier-NC-27501/68965838_zpid/
"121 N Anthony St, Burlington, NC 27217",243000,4.0,2.0,1487.0,https://www.zillow.com//homedetails/121-N-Anthony-St-Burlington-NC-27217/51236296_zpid/
"1214 Charleston Common Dr, Leland, NC",345000,-,-,-,"https://www.zillow.com//b/building/34.203964,-77.9814_ll/"
"2900 Harper Rd, Clemmons, NC 27012",260000,3.0,2.0,1232.0,https://www.zillow.com//homedetails/2900-Harper-Rd-Clemmons-NC-27012/5806422_zpid/
"2548 Flintshire Ln, Gastonia, NC 28056",480000,5.0,4.0,3197.0,https://www.zillow.com//homedetails/2548-Flintshire-Ln-Gastonia-NC-28056/144138649_zpid/
"1324 Eagles Landing Dr, Charlotte, NC 28214",300000,3.0,2.0,1211.0,https://www.zillow.com//homedetails/1324-Eagles-Landing-Dr-Charlotte-NC-28214/6172340_zpid/
"4638 Hoover Hill Rd, Trinity, NC 27370",190000,3.0,2.0,1025.0,https://www.zillow.com//homedetails/4638-Hoover-Hill-Rd-Trinity-NC-27370/50083518_zpid/
"811 Colington Dr LOT 92, Kill Devil Hills, NC 27948",519000,4.0,4.0,1940.0,https://www.zillow.com//homedetails/811-Colington-Dr-LOT-92-Kill-Devil-Hills-NC-27948/440953218_zpid/
"72 Cherokee Rd, Asheville, NC 28806",450000,3.0,3.0,1472.0,https://www.zillow.com//homedetails/72-Cherokee-Rd-Asheville-NC-28806/337340422_zpid/
"7033 Rothmore St, Charlotte, NC 28215",360000,3.0,3.0,1838.0,https://www.zillow.com//homedetails/7033-Rothmore-St-Charlotte-NC-28215/6208065_zpid/
"1314 Florida St, High Point, NC 27262",260000,3.0,2.0,1582.0,https://www.zillow.com//homedetails/1314-Florida-St-High-Point-NC-27262/6035445_zpid/
"5315 Ruth Dr, Charlotte, NC 28215",650000,3.0,3.0,1747.0,https://www.zillow.com//homedetails/5315-Ruth-Dr-Charlotte-NC-28215/6199126_zpid/
"5355 Covered Bridge Rd, Trinity, NC 27370",164900,3.0,2.0,1341.0,https://www.zillow.com//homedetails/5355-Covered-Bridge-Rd-Trinity-NC-27370/206386987_zpid/
"3318 Saint Evans Rd, Charlotte, NC 28214",385000,3.0,2.0,1512.0,https://www.zillow.com//homedetails/3318-Saint-Evans-Rd-Charlotte-NC-28214/6168422_zpid/
"1102 Hayne St, Monroe, NC 28112",39,3.0,1.0,1453.0,https://www.zillow.com//homedetails/1102-Hayne-St-Monroe-NC-28112/6368514_zpid/
"680 Timberlane Drive, Boone, NC 28607",549000,3.0,3.0,2325.0,https://www.zillow.com//homedetails/680-Timberlane-Dr-Boone-NC-28607/102334841_zpid/
"2510 Harvard Ave, Durham, NC 27703",457000,3.0,3.0,1854.0,https://www.zillow.com//homedetails/2510-Harvard-Ave-Durham-NC-27703/49976552_zpid/
"620 Thistlegate Trl, Raleigh, NC 27610",325000,3.0,3.0,1681.0,https://www.zillow.com//homedetails/620-Thistlegate-Trl-Raleigh-NC-27610/6528734_zpid/
"67 Ridge Haven Rd, Sylva, NC 28779",350000,2.0,2.0,1243.0,https://www.zillow.com//homedetails/67-Ridge-Haven-Rd-Sylva-NC-28779/84709822_zpid/
"161 Picwyck Dr, Mooresville, NC 28115",674000,3.0,3.0,2486.0,https://www.zillow.com//homedetails/161-Picwyck-Dr-Mooresville-NC-28115/6068699_zpid/
"128 Fallingwood Cir, Gastonia, NC 28056",485000,3.0,2.0,2377.0,https://www.zillow.com//homedetails/128-Fallingwood-Cir-Gastonia-NC-28056/5900410_zpid/
"1017 N Sharon Amity Rd, Charlotte, NC 28211",1075000,5.0,4.0,3247.0,https://www.zillow.com//homedetails/1017-N-Sharon-Amity-Rd-Charlotte-NC-28211/6249371_zpid/
"100 Serenity Circle, Goldsboro, NC 27530",229900,3.0,2.0,1548.0,https://www.zillow.com//homedetails/100-Serenity-Cir-Goldsboro-NC-27530/224140939_zpid/
"130 Norman Rd, Winston Salem, NC 27106",189000,3.0,2.0,2320.0,https://www.zillow.com//homedetails/130-Norman-Rd-Winston-Salem-NC-27106/5785936_zpid/
"82 Dula Cv, Weaverville, NC 28787",799900,4.0,3.0,2992.0,https://www.zillow.com//homedetails/82-Dula-Cv-Weaverville-NC-28787/5644990_zpid/
"1076 Cabin Creek Rd, Oxford, NC 27565",1499000,5.0,5.0,5147.0,https://www.zillow.com//homedetails/1076-Cabin-Creek-Rd-Oxford-NC-27565/93026677_zpid/
"109 Dawnview Ln, Waxhaw, NC 28173",389999,3.0,3.0,1886.0,https://www.zillow.com//homedetails/109-Dawnview-Ln-Waxhaw-NC-28173/58460800_zpid/
"195 Miller Rd, Fairview, NC 28730",275000,3.0,2.0,1884.0,https://www.zillow.com//homedetails/195-Miller-Rd-Fairview-NC-28730/5631455_zpid/
"25 Cherokee Rd, Asheville, NC 28806",230000,2.0,1.0,1238.0,https://www.zillow.com//homedetails/25-Cherokee-Rd-Asheville-NC-28806/5603107_zpid/
"395 Washington Post Road, New Bern, NC 28562",150000,4.0,2.0,1466.0,https://www.zillow.com//homedetails/395-Washington-Post-Rd-New-Bern-NC-28562/78309662_zpid/
"1702 Grand Barton Ct, Apex, NC 27502",624900,4.0,3.0,2704.0,https://www.zillow.com//homedetails/1702-Grand-Barton-Ct-Apex-NC-27502/6551929_zpid/
"5674 Alan D Good Ln, Conover, NC 28613",249900,3.0,2.0,1064.0,https://www.zillow.com//homedetails/5674-Alan-D-Good-Ln-Conover-NC-28613/71958761_zpid/
"207 Vegas Dr #11-16, Leicester, NC 28748",180000,2.0,2.0,1186.0,https://www.zillow.com//homedetails/207-Vegas-Dr-11-16-Leicester-NC-28748/441784551_zpid/
"2508 S Scales St, Reidsville, NC 27320",259900,3.0,2.0,1318.0,https://www.zillow.com//homedetails/2508-S-Scales-St-Reidsville-NC-27320/70150714_zpid/
"121 Sierra Woods Dr, Troutman, NC 28166",625000,3.0,3.0,2153.0,https://www.zillow.com//homedetails/121-Sierra-Woods-Dr-Troutman-NC-28166/51667482_zpid/
"1004 Bramblegate Rd, Hope Mills, NC 28348",282000,4.0,3.0,1852.0,https://www.zillow.com//homedetails/1004-Bramblegate-Rd-Hope-Mills-NC-28348/80889213_zpid/
"103 Birdy Pl, Morganton, NC 28655",259500,4.0,2.0,1540.0,https://www.zillow.com//homedetails/103-Birdy-Pl-Morganton-NC-28655/227231156_zpid/
"660 Beachview Drive SE, Bolivia, NC 28422",194000,3.0,2.0,1141.0,https://www.zillow.com//homedetails/660-Beachview-Dr-SE-Bolivia-NC-28422/78236195_zpid/
"5625 Seafield Ln, Hope Mills, NC 28348",269000,4.0,2.0,1771.0,https://www.zillow.com//homedetails/5625-Seafield-Ln-Hope-Mills-NC-28348/95286911_zpid/
"822 Ransey Woodring Road, Todd, NC 28684",349000,2.0,3.0,2478.0,https://www.zillow.com//homedetails/822-Ransey-Woodring-Rd-1-2-Todd-NC-28684/102240079_zpid/
"126 Oakley Dr, Harrisburg, NC 28075",450000,3.0,2.0,2150.0,https://www.zillow.com//homedetails/126-Oakley-Dr-Harrisburg-NC-28075/5655667_zpid/
"250 Franklin Ave NW, Concord, NC 28025",275000,3.0,2.0,1412.0,https://www.zillow.com//homedetails/250-Franklin-Ave-NW-Concord-NC-28025/5684792_zpid/
"1908 Robbins Meadow Dr, Waxhaw, NC 28173",670000,5.0,3.0,3424.0,https://www.zillow.com//homedetails/1908-Robbins-Meadow-Dr-Waxhaw-NC-28173/71429935_zpid/
"624 Catawba Cir N, Matthews, NC 28104",379000,3.0,2.0,1536.0,https://www.zillow.com//homedetails/624-Catawba-Cir-N-Matthews-NC-28104/6356297_zpid/
"325 Ranch Farm Rd #A-B, Raleigh, NC 27603",269900,3.0,2.0,1312.0,https://www.zillow.com//homedetails/325-Ranch-Farm-Rd-A-B-Raleigh-NC-27603/442515601_zpid/
"131 Point Of View Dr, Mooresville, NC 28117",2385000,4.0,5.0,4687.0,https://www.zillow.com//homedetails/131-Point-Of-View-Dr-Mooresville-NC-28117/6052426_zpid/
"8117 Tremaine Court Unit H, Charlotte, NC 28227",115000,1.0,1.0,865.0,https://www.zillow.com//homedetails/8117-Tremaine-Ct-APT-H-Charlotte-NC-28227/6213999_zpid/
"159 Twin Creeks Dr, Stokesdale, NC 27357",330000,3.0,3.0,1505.0,https://www.zillow.com//homedetails/159-Twin-Creeks-Dr-Stokesdale-NC-27357/95060565_zpid/
"3014 Imperial Oaks Dr, Raleigh, NC 27614",435000,3.0,3.0,2368.0,https://www.zillow.com//homedetails/3014-Imperial-Oaks-Dr-Raleigh-NC-27614/62038619_zpid/
"6873 Brasswood Drive, Fayetteville, NC 28314",247900,3.0,2.0,1660.0,https://www.zillow.com//homedetails/6873-Brasswood-Dr-Fayetteville-NC-28314/53697929_zpid/
"561 Deals Gap Rd, Robbinsville, NC 28771",429000,3.0,2.0,2000.0,https://www.zillow.com//homedetails/561-Deals-Gap-Rd-Robbinsville-NC-28771/107060091_zpid/
"120 Elsa Jane Ln, Pittsboro, NC 27312",610000,4.0,3.0,2364.0,https://www.zillow.com//homedetails/120-Elsa-Jane-Ln-Pittsboro-NC-27312/74954474_zpid/
"552 Bailey Rd, Asheville, NC 28806",299000,3.0,1.0,1153.0,https://www.zillow.com//homedetails/552-Bailey-Rd-Asheville-NC-28806/5599273_zpid/
"631 Ivy Glen Dr, Winston Salem, NC 27127",185000,2.0,2.0,1215.0,https://www.zillow.com//homedetails/631-Ivy-Glen-Dr-Winston-Salem-NC-27127/60299673_zpid/
"208 Boyce Ave, Jamestown, NC 27282",135200,3.0,2.0,1320.0,https://www.zillow.com//homedetails/208-Boyce-Ave-Jamestown-NC-27282/6030091_zpid/
"8528 Westhope St, Charlotte, NC 28216",249900,2.0,2.0,1075.0,https://www.zillow.com//homedetails/8528-Westhope-St-Charlotte-NC-28216/65034531_zpid/
"5850 Old Rural Hall Rd, Winston Salem, NC 27105",249000,3.0,2.0,1620.0,https://www.zillow.com//homedetails/5850-Old-Rural-Hall-Rd-Winston-Salem-NC-27105/5822645_zpid/
"800 Hunters Way, Lexington, NC 27292",595000,4.0,3.0,3714.0,https://www.zillow.com//homedetails/800-Hunters-Way-Lexington-NC-27292/5728173_zpid/
-,299000,-,-,-,https://www.zillow.com//community/greater-charlotte-by-northway-homes/30183462_plid/
-,299900,-,-,-,https://www.zillow.com//community/west-preserve/30050611_plid/
